id_klienta;id_osoby_bliskiej
1;1
1960;1
1109;1
1;2
734;2
2;3
3;4
904;4
4;5
4;6
446;6
259;6
5;7
1571;7
662;7
5;8
1024;8
6;9
757;9
1318;9
7;10
8;11
9;12
9;13
10;14
1959;14
1905;14
10;15
314;15
1856;15
11;16
792;16
11;17
768;17
1288;17
12;18
13;19
1115;19
759;19
14;20
14;21
810;21
15;22
852;22
25;22
15;23
1416;23
15;24
663;24
16;25
770;25
17;26
17;27
114;27
1696;27
17;28
135;28
18;29
1184;29
291;29
18;30
356;30
18;31
19;32
19;33
19;34
20;35
1320;35
1533;35
20;36
20;37
1421;37
1311;37
21;38
21;39
1004;39
22;40
22;41
460;41
286;41
22;42
23;43
837;43
308;43
24;44
1414;44
1301;44
24;45
25;46
1007;46
1316;46
26;47
1209;47
27;48
28;49
1963;49
29;50
783;50
690;50
30;51
30;52
1280;52
30;53
1684;53
31;54
1921;54
1793;54
31;55
1800;55
31;56
32;57
1378;57
1503;57
32;58
66;58
1835;58
32;59
33;60
1320;60
1590;60
33;61
73;61
33;62
34;63
34;64
274;64
1167;64
34;65
1457;65
35;66
35;67
35;68
1457;68
1158;68
36;69
36;70
36;71
699;71
37;72
1781;72
37;73
148;73
1647;73
38;74
190;74
1297;74
38;75
1355;75
39;76
39;77
1580;77
39;78
1526;78
1620;78
40;79
41;80
156;80
1401;80
41;81
1426;81
1514;81
42;82
560;82
42;83
43;84
1419;84
241;84
43;85
337;85
163;85
44;86
44;87
1894;87
45;88
274;88
45;89
763;89
46;90
1407;90
1523;90
46;91
902;91
47;92
437;92
1600;92
47;93
741;93
1966;93
47;94
48;95
1056;95
48;96
49;97
1431;97
1977;97
49;98
1401;98
1218;98
50;99
611;99
1455;99
50;100
201;100
1016;100
51;101
856;101
385;101
52;102
1552;102
578;102
53;103
714;103
53;104
337;104
54;105
622;105
635;105
54;106
55;107
78;107
1951;107
55;108
1944;108
56;109
785;109
1499;109
56;110
1030;110
57;111
1159;111
960;111
57;112
1439;112
58;113
987;113
1853;113
58;114
59;115
59;116
1269;116
60;117
750;117
1991;117
60;118
1350;118
61;119
62;120
1407;120
1349;120
62;121
1266;121
63;122
822;122
1117;122
63;123
64;124
1557;124
44;124
64;125
807;125
64;126
65;127
1101;127
924;127
65;128
1949;128
66;129
591;129
1167;129
66;130
564;130
66;131
1973;131
67;132
1967;132
67;133
68;134
68;135
68;136
69;137
1633;137
905;137
70;138
1672;138
71;139
456;139
71;140
71;141
72;142
1602;142
1931;142
72;143
73;144
73;145
73;146
556;146
1860;146
74;147
74;148
74;149
329;149
861;149
75;150
677;150
75;151
1630;151
1527;151
76;152
76;153
766;153
874;153
77;154
448;154
77;155
614;155
77;156
332;156
78;157
78;158
79;159
67;159
79;160
797;160
79;161
1504;161
80;162
81;163
441;163
81;164
82;165
115;165
83;166
1241;166
1747;166
83;167
935;167
83;168
84;169
558;169
84;170
1809;170
1965;170
84;171
412;171
85;172
1135;172
1722;172
86;173
1408;173
86;174
1668;174
87;175
500;175
88;176
942;176
88;177
88;178
356;178
89;179
1079;179
1748;179
89;180
89;181
90;182
692;182
130;182
90;183
443;183
91;184
1775;184
91;185
774;185
1717;185
91;186
1816;186
1907;186
92;187
825;187
1916;187
92;188
1364;188
893;188
93;189
1412;189
94;190
448;190
1269;190
94;191
94;192
703;192
95;193
1916;193
95;194
95;195
96;196
1635;196
1565;196
96;197
97;198
139;198
97;199
97;200
98;201
98;202
198;202
1105;202
98;203
306;203
99;204
100;205
1129;205
1625;205
100;206
1720;206
101;207
1417;207
101;208
1260;208
188;208
101;209
495;209
875;209
102;210
102;211
717;211
1235;211
103;212
1072;212
104;213
121;213
104;214
104;215
430;215
1850;215
105;216
106;217
313;217
107;218
926;218
107;219
1451;219
603;219
108;220
1223;220
1878;220
108;221
515;221
108;222
925;222
109;223
1636;223
109;224
1303;224
109;225
110;226
110;227
110;228
205;228
202;228
111;229
108;229
111;230
111;231
547;231
621;231
112;232
113;233
633;233
113;234
113;235
1023;235
1645;235
114;236
841;236
114;237
114;238
1447;238
1182;238
115;239
116;240
1315;240
116;241
594;241
463;241
117;242
148;242
1628;242
117;243
117;244
395;244
1458;244
118;245
119;246
223;246
120;247
1179;247
1917;247
121;248
845;248
992;248
121;249
1024;249
605;249
122;250
123;251
387;251
123;252
124;253
1545;253
124;254
850;254
124;255
125;256
126;257
973;257
126;258
1513;258
127;259
268;259
128;260
908;260
128;261
379;261
401;261
128;262
192;262
1573;262
129;263
709;263
621;263
130;264
335;264
131;265
1854;265
1188;265
131;266
1880;266
132;267
133;268
133;269
674;269
133;270
134;271
134;272
1225;272
610;272
135;273
289;273
644;273
136;274
572;274
136;275
1433;275
666;275
137;276
138;277
651;277
745;277
138;278
139;279
139;280
139;281
639;281
425;281
140;282
1387;282
1991;282
141;283
141;284
1649;284
411;284
141;285
1066;285
1874;285
142;286
142;287
143;288
143;289
105;289
398;289
144;290
1665;290
144;291
145;292
145;293
145;294
146;295
972;295
146;296
1535;296
1425;296
147;297
147;298
544;298
1793;298
147;299
743;299
750;299
148;300
175;300
149;301
1709;301
1974;301
149;302
1969;302
149;303
342;303
462;303
150;304
1781;304
1764;304
150;305
1055;305
1155;305
151;306
127;306
152;307
1444;307
1456;307
152;308
1776;308
1356;308
153;309
1960;309
153;310
1190;310
1725;310
153;311
576;311
90;311
154;312
155;313
1025;313
155;314
1387;314
156;315
1391;315
157;316
157;317
441;317
157;318
989;318
158;319
195;319
158;320
1165;320
159;321
159;322
1153;322
159;323
413;323
160;324
814;324
1768;324
160;325
1746;325
160;326
823;326
921;326
161;327
1362;327
161;328
161;329
1651;329
162;330
1247;330
162;331
163;332
163;333
1116;333
426;333
164;334
164;335
1963;335
164;336
469;336
165;337
200;337
1497;337
165;338
517;338
165;339
650;339
166;340
1217;340
904;340
167;341
1451;341
167;342
1029;342
894;342
168;343
39;343
168;344
169;345
169;346
170;347
1084;347
311;347
170;348
227;348
171;349
171;350
172;351
1255;351
173;352
174;353
1625;353
174;354
1524;354
174;355
1628;355
175;356
1334;356
450;356
175;357
1313;357
176;358
1580;358
176;359
176;360
1466;360
177;361
1875;361
177;362
38;362
177;363
419;363
800;363
178;364
1141;364
178;365
16;365
1909;365
178;366
541;366
710;366
179;367
179;368
428;368
1135;368
180;369
180;370
1640;370
650;370
180;371
1787;371
181;372
296;372
447;372
181;373
1513;373
858;373
182;374
182;375
257;375
182;376
1339;376
1525;376
183;377
1798;377
184;378
1539;378
1183;378
184;379
184;380
361;380
1163;380
185;381
186;382
863;382
991;382
186;383
800;383
186;384
1164;384
187;385
1071;385
330;385
187;386
165;386
1437;386
188;387
848;387
188;388
189;389
1763;389
189;390
190;391
1398;391
190;392
190;393
1127;393
191;394
747;394
191;395
1923;395
191;396
1916;396
192;397
1120;397
192;398
1369;398
192;399
1584;399
665;399
193;400
193;401
373;401
194;402
194;403
986;403
889;403
195;404
195;405
1256;405
195;406
572;406
1112;406
196;407
197;408
197;409
198;410
709;410
199;411
200;412
200;413
48;413
201;414
201;415
1037;415
201;416
202;417
627;417
1403;417
202;418
68;418
203;419
1091;419
950;419
203;420
1434;420
204;421
270;421
204;422
1638;422
1727;422
204;423
1378;423
205;424
1213;424
205;425
965;425
206;426
206;427
206;428
327;428
522;428
207;429
1448;429
207;430
207;431
1720;431
49;431
208;432
763;432
1316;432
209;433
210;434
210;435
211;436
211;437
474;437
1272;437
212;438
1535;438
178;438
212;439
594;439
1086;439
212;440
1795;440
213;441
213;442
1195;442
214;443
214;444
464;444
1637;444
215;445
714;445
417;445
215;446
892;446
215;447
1373;447
216;448
217;449
218;450
219;451
107;451
220;452
183;452
220;453
832;453
220;454
29;454
221;455
815;455
221;456
1076;456
1884;456
222;457
980;457
212;457
222;458
222;459
223;460
1394;460
89;460
223;461
526;461
224;462
224;463
224;464
568;464
724;464
225;465
809;465
226;466
717;466
691;466
227;467
1807;467
227;468
228;469
228;470
1086;470
228;471
229;472
588;472
229;473
1025;473
230;474
876;474
899;474
230;475
1629;475
231;476
295;476
1657;476
232;477
232;478
1893;478
232;479
233;480
233;481
989;481
1122;481
234;482
200;482
234;483
1078;483
235;484
235;485
1899;485
1545;485
236;486
236;487
745;487
1434;487
237;488
1476;488
725;488
237;489
643;489
1180;489
237;490
1210;490
119;490
238;491
1048;491
1514;491
238;492
94;492
239;493
269;493
240;494
1468;494
240;495
241;496
277;496
241;497
241;498
80;498
1824;498
242;499
1660;499
1213;499
242;500
242;501
243;502
244;503
388;503
960;503
244;504
1576;504
245;505
245;506
80;506
246;507
246;508
665;508
246;509
1364;509
247;510
724;510
1728;510
248;511
248;512
1815;512
1518;512
248;513
506;513
532;513
249;514
141;514
249;515
1462;515
1895;515
250;516
250;517
360;517
1623;517
251;518
279;518
251;519
363;519
1849;519
251;520
252;521
253;522
19;522
253;523
253;524
893;524
353;524
254;525
396;525
254;526
1103;526
832;526
255;527
256;528
1174;528
1518;528
256;529
151;529
256;530
257;531
258;532
258;533
259;534
259;535
1386;535
1404;535
260;536
683;536
260;537
1586;537
261;538
253;538
261;539
1691;539
1978;539
262;540
142;540
263;541
710;541
1169;541
263;542
562;542
263;543
1251;543
264;544
930;544
265;545
1853;545
1985;545
265;546
654;546
265;547
266;548
1806;548
1044;548
266;549
267;550
112;550
268;551
1053;551
790;551
268;552
638;552
264;552
269;553
378;553
823;553
269;554
1528;554
1882;554
270;555
1961;555
1321;555
270;556
608;556
270;557
271;558
50;558
272;559
911;559
272;560
1646;560
273;561
274;562
753;562
274;563
84;563
275;564
275;565
1589;565
1980;565
275;566
276;567
147;567
276;568
969;568
277;569
144;569
786;569
277;570
277;571
1719;571
278;572
532;572
278;573
279;574
773;574
280;575
280;576
1944;576
280;577
1670;577
1335;577
281;578
281;579
281;580
1176;580
282;581
1294;581
283;582
1399;582
283;583
283;584
284;585
1336;585
1350;585
284;586
285;587
1358;587
285;588
1158;588
928;588
285;589
286;590
286;591
698;591
227;591
286;592
287;593
287;594
288;595
320;595
593;595
288;596
289;597
922;597
290;598
958;598
290;599
1280;599
290;600
291;601
1534;601
1015;601
291;602
1886;602
291;603
292;604
1875;604
292;605
1919;605
1352;605
292;606
928;606
622;606
293;607
294;608
1513;608
1673;608
295;609
798;609
961;609
295;610
296;611
1459;611
97;611
297;612
528;612
297;613
920;613
298;614
1835;614
896;614
298;615
1530;615
905;615
299;616
991;616
1667;616
300;617
301;618
301;619
1438;619
301;620
302;621
303;622
304;623
792;623
304;624
304;625
572;625
305;626
1022;626
305;627
1891;627
1433;627
306;628
306;629
307;630
798;630
308;631
309;632
310;633
1174;633
310;634
311;635
311;636
311;637
1149;637
1468;637
312;638
1393;638
1187;638
313;639
313;640
313;641
1200;641
314;642
314;643
1689;643
315;644
62;644
1666;644
316;645
1553;645
483;645
316;646
48;646
316;647
1569;647
1750;647
317;648
315;648
317;649
317;650
1682;650
244;650
318;651
319;652
557;652
1136;652
319;653
546;653
243;653
320;654
1552;654
320;655
232;655
1590;655
320;656
712;656
321;657
321;658
100;658
1850;658
321;659
322;660
657;660
244;660
322;661
322;662
1428;662
323;663
740;663
323;664
323;665
1539;665
1071;665
324;666
1432;666
300;666
324;667
324;668
63;668
194;668
325;669
325;670
325;671
1647;671
326;672
1299;672
327;673
1342;673
1733;673
328;674
329;675
225;675
329;676
300;676
725;676
330;677
330;678
191;678
1514;678
330;679
1121;679
1852;679
331;680
331;681
1366;681
118;681
331;682
1101;682
1974;682
332;683
1835;683
333;684
333;685
334;686
1416;686
322;686
334;687
288;687
1974;687
334;688
335;689
1668;689
1811;689
335;690
221;690
645;690
336;691
1682;691
336;692
1987;692
336;693
337;694
337;695
1589;695
1538;695
337;696
1860;696
338;697
745;697
339;698
383;698
1222;698
339;699
784;699
340;700
340;701
1680;701
1144;701
340;702
341;703
341;704
341;705
1817;705
491;705
342;706
1484;706
104;706
343;707
639;707
344;708
344;709
1716;709
344;710
815;710
1865;710
345;711
345;712
600;712
346;713
346;714
25;714
347;715
434;715
347;716
893;716
285;716
348;717
348;718
1063;718
349;719
564;719
743;719
349;720
349;721
254;721
350;722
351;723
965;723
7;723
352;724
1983;724
353;725
1141;725
354;726
686;726
354;727
355;728
355;729
391;729
356;730
1901;730
376;730
356;731
1185;731
1094;731
356;732
1657;732
652;732
357;733
357;734
358;735
358;736
359;737
1521;737
1018;737
359;738
359;739
259;739
360;740
1015;740
361;741
1003;741
1493;741
361;742
362;743
1631;743
363;744
364;745
364;746
467;746
364;747
365;748
1388;748
365;749
366;750
279;750
1042;750
366;751
290;751
366;752
1922;752
997;752
367;753
367;754
368;755
368;756
868;756
369;757
370;758
1757;758
371;759
371;760
1880;760
371;761
549;761
372;762
1829;762
373;763
790;763
1417;763
373;764
626;764
1749;764
373;765
374;766
317;766
374;767
374;768
1883;768
1913;768
375;769
85;769
1546;769
375;770
326;770
376;771
1794;771
394;771
376;772
533;772
377;773
1523;773
377;774
1866;774
348;774
377;775
378;776
1611;776
12;776
378;777
1564;777
379;778
63;778
1247;778
379;779
400;779
1356;779
380;780
362;780
381;781
955;781
381;782
660;782
381;783
855;783
382;784
365;784
382;785
167;785
382;786
1501;786
898;786
383;787
1516;787
1897;787
384;788
1473;788
384;789
1214;789
1078;789
384;790
240;790
156;790
385;791
385;792
1965;792
386;793
1968;793
387;794
480;794
387;795
387;796
1537;796
876;796
388;797
389;798
990;798
390;799
390;800
60;800
904;800
390;801
1084;801
118;801
391;802
950;802
392;803
596;803
393;804
151;804
394;805
452;805
635;805
394;806
1179;806
394;807
1108;807
352;807
395;808
545;808
396;809
324;809
396;810
397;811
822;811
397;812
398;813
398;814
557;814
1886;814
398;815
1116;815
1600;815
399;816
399;817
1010;817
400;818
400;819
208;819
169;819
401;820
401;821
401;822
402;823
105;823
1048;823
402;824
1335;824
402;825
1404;825
1265;825
403;826
1297;826
1112;826
403;827
753;827
404;828
404;829
121;829
405;830
405;831
1823;831
1013;831
406;832
407;833
1955;833
1096;833
407;834
1310;834
407;835
408;836
394;836
1986;836
409;837
1773;837
794;837
409;838
355;838
1811;838
409;839
410;840
410;841
106;841
590;841
411;842
1091;842
1037;842
412;843
1992;843
413;844
1529;844
1683;844
413;845
414;846
414;847
1075;847
270;847
414;848
205;848
1582;848
415;849
415;850
1006;850
473;850
416;851
456;851
1318;851
416;852
1818;852
416;853
417;854
402;854
1715;854
417;855
1800;855
418;856
700;856
419;857
1763;857
419;858
595;858
419;859
1590;859
747;859
420;860
1634;860
829;860
420;861
421;862
421;863
1342;863
421;864
535;864
1240;864
422;865
534;865
1270;865
423;866
629;866
423;867
637;867
424;868
1352;868
1996;868
425;869
1175;869
426;870
863;870
426;871
606;871
1167;871
426;872
1209;872
427;873
1172;873
542;873
427;874
1589;874
909;874
428;875
796;875
1263;875
428;876
429;877
430;878
657;878
1928;878
430;879
431;880
652;880
431;881
431;882
432;883
433;884
1333;884
433;885
434;886
434;887
434;888
435;889
1697;889
435;890
435;891
728;891
436;892
234;892
546;892
436;893
303;893
131;893
437;894
438;895
12;895
198;895
438;896
652;896
643;896
439;897
439;898
440;899
440;900
284;900
441;901
837;901
441;902
219;902
441;903
363;903
442;904
1146;904
397;904
443;905
443;906
1816;906
1974;906
444;907
14;907
444;908
444;909
445;910
446;911
446;912
373;912
1096;912
447;913
1411;913
980;913
447;914
510;914
1332;914
447;915
18;915
448;916
1404;916
449;917
449;918
1820;918
989;918
449;919
450;920
451;921
451;922
84;922
1547;922
452;923
950;923
1271;923
452;924
453;925
1400;925
453;926
453;927
255;927
454;928
1899;928
1673;928
455;929
182;929
1133;929
456;930
456;931
1256;931
456;932
1157;932
1322;932
457;933
1569;933
81;933
457;934
1516;934
458;935
647;935
1814;935
459;936
459;937
649;937
1016;937
460;938
378;938
461;939
629;939
461;940
162;940
461;941
1545;941
138;941
462;942
501;942
1749;942
462;943
95;943
1781;943
463;944
252;944
464;945
2000;945
464;946
246;946
464;947
465;948
465;949
466;950
250;950
279;950
466;951
1921;951
467;952
159;952
467;953
467;954
468;955
468;956
1881;956
469;957
285;957
1105;957
470;958
1746;958
931;958
471;959
84;959
471;960
472;961
472;962
169;962
1295;962
472;963
372;963
473;964
622;964
264;964
473;965
743;965
474;966
1412;966
1106;966
474;967
474;968
475;969
1371;969
705;969
475;970
639;970
613;970
476;971
1399;971
971;971
476;972
477;973
204;973
478;974
558;974
1116;974
479;975
1013;975
479;976
533;976
480;977
480;978
481;979
481;980
481;981
482;982
482;983
744;983
861;983
482;984
1981;984
483;985
738;985
1955;985
484;986
485;987
761;987
810;987
486;988
1734;988
825;988
486;989
1397;989
1171;989
487;990
988;990
1929;990
487;991
1506;991
1332;991
487;992
488;993
446;993
489;994
308;994
592;994
489;995
490;996
848;996
295;996
490;997
879;997
491;998
491;999
595;999
1231;999
492;1000
857;1000
493;1001
328;1001
494;1002
495;1003
1112;1003
1670;1003
495;1004
1894;1004
1053;1004
495;1005
1929;1005
496;1006
497;1007
498;1008
675;1008
1763;1008
498;1009
1072;1009
494;1009
499;1010
1649;1010
499;1011
940;1011
499;1012
1621;1012
1269;1012
500;1013
979;1013
626;1013
500;1014
501;1015
502;1016
502;1017
1415;1017
503;1018
504;1019
504;1020
505;1021
1074;1021
957;1021
505;1022
505;1023
1853;1023
1549;1023
506;1024
1092;1024
506;1025
1398;1025
561;1025
506;1026
42;1026
1560;1026
507;1027
1591;1027
508;1028
1727;1028
508;1029
508;1030
1466;1030
811;1030
509;1031
126;1031
1753;1031
510;1032
49;1032
511;1033
336;1033
511;1034
511;1035
512;1036
512;1037
512;1038
1223;1038
513;1039
514;1040
564;1040
515;1041
1012;1041
1917;1041
515;1042
1623;1042
515;1043
1101;1043
516;1044
1793;1044
680;1044
516;1045
433;1045
1813;1045
517;1046
517;1047
1363;1047
517;1048
518;1049
801;1049
1462;1049
518;1050
518;1051
519;1052
1043;1052
519;1053
34;1053
363;1053
519;1054
520;1055
520;1056
1061;1056
520;1057
521;1058
1164;1058
1258;1058
521;1059
1901;1059
761;1059
521;1060
1000;1060
1182;1060
522;1061
523;1062
523;1063
524;1064
1689;1064
525;1065
525;1066
655;1066
1045;1066
526;1067
526;1068
527;1069
657;1069
527;1070
1902;1070
527;1071
528;1072
825;1072
856;1072
528;1073
417;1073
529;1074
530;1075
530;1076
383;1076
122;1076
531;1077
142;1077
545;1077
532;1078
1213;1078
711;1078
532;1079
532;1080
533;1081
533;1082
1376;1082
1890;1082
534;1083
534;1084
534;1085
441;1085
535;1086
1584;1086
748;1086
536;1087
1648;1087
537;1088
1459;1088
1732;1088
537;1089
62;1089
537;1090
472;1090
203;1090
538;1091
538;1092
439;1092
539;1093
629;1093
361;1093
539;1094
539;1095
540;1096
541;1097
1860;1097
542;1098
542;1099
612;1099
1426;1099
543;1100
1960;1100
330;1100
543;1101
740;1101
544;1102
545;1103
12;1103
539;1103
545;1104
906;1104
502;1104
545;1105
546;1106
9;1106
547;1107
823;1107
547;1108
1424;1108
646;1108
547;1109
1590;1109
548;1110
548;1111
549;1112
1265;1112
549;1113
909;1113
926;1113
549;1114
1156;1114
550;1115
551;1116
551;1117
313;1117
1682;1117
552;1118
552;1119
553;1120
553;1121
1507;1121
237;1121
553;1122
584;1122
554;1123
675;1123
1808;1123
554;1124
1967;1124
1198;1124
555;1125
1817;1125
555;1126
555;1127
166;1127
556;1128
556;1129
557;1130
558;1131
815;1131
558;1132
78;1132
1522;1132
558;1133
451;1133
350;1133
559;1134
559;1135
52;1135
560;1136
381;1136
1738;1136
560;1137
561;1138
771;1138
1339;1138
561;1139
92;1139
561;1140
1115;1140
1779;1140
562;1141
562;1142
890;1142
1514;1142
563;1143
176;1143
543;1143
564;1144
565;1145
517;1145
565;1146
900;1146
1946;1146
565;1147
1244;1147
1035;1147
566;1148
1304;1148
120;1148
566;1149
567;1150
567;1151
568;1152
1357;1152
1195;1152
568;1153
1169;1153
568;1154
569;1155
718;1155
1955;1155
569;1156
569;1157
988;1157
1762;1157
570;1158
538;1158
1477;1158
570;1159
1679;1159
1061;1159
571;1160
133;1160
572;1161
219;1161
572;1162
222;1162
786;1162
572;1163
1475;1163
1968;1163
573;1164
1905;1164
573;1165
574;1166
436;1166
574;1167
575;1168
575;1169
1346;1169
405;1169
575;1170
668;1170
576;1171
896;1171
431;1171
577;1172
1108;1172
578;1173
1211;1173
1618;1173
578;1174
835;1174
801;1174
579;1175
580;1176
580;1177
1425;1177
581;1178
581;1179
581;1180
322;1180
229;1180
582;1181
583;1182
583;1183
889;1183
1330;1183
584;1184
584;1185
1350;1185
1089;1185
584;1186
462;1186
585;1187
1741;1187
191;1187
585;1188
1469;1188
1556;1188
585;1189
586;1190
1939;1190
1821;1190
586;1191
1226;1191
586;1192
1072;1192
587;1193
1533;1193
587;1194
1002;1194
587;1195
227;1195
1090;1195
588;1196
1308;1196
588;1197
1325;1197
264;1197
589;1198
1893;1198
589;1199
958;1199
1971;1199
589;1200
1411;1200
590;1201
1388;1201
591;1202
1618;1202
1215;1202
592;1203
1539;1203
82;1203
592;1204
1273;1204
428;1204
593;1205
594;1206
1448;1206
594;1207
1337;1207
1351;1207
594;1208
595;1209
596;1210
411;1210
530;1210
596;1211
597;1212
527;1212
597;1213
598;1214
983;1214
598;1215
598;1216
739;1216
11;1216
599;1217
444;1217
600;1218
1316;1218
600;1219
600;1220
601;1221
1121;1221
457;1221
602;1222
1074;1222
602;1223
1177;1223
346;1223
602;1224
603;1225
1253;1225
48;1225
604;1226
56;1226
639;1226
605;1227
1742;1227
605;1228
678;1228
1767;1228
605;1229
606;1230
1642;1230
606;1231
119;1231
343;1231
606;1232
682;1232
607;1233
607;1234
608;1235
1071;1235
1619;1235
608;1236
1453;1236
608;1237
1826;1237
609;1238
567;1238
678;1238
609;1239
609;1240
1747;1240
610;1241
610;1242
1382;1242
1414;1242
611;1243
1383;1243
1207;1243
611;1244
1279;1244
1976;1244
611;1245
654;1245
612;1246
1781;1246
1044;1246
613;1247
614;1248
1930;1248
614;1249
609;1249
615;1250
1042;1250
1945;1250
615;1251
1708;1251
727;1251
615;1252
1402;1252
616;1253
616;1254
1522;1254
616;1255
1870;1255
407;1255
617;1256
617;1257
1617;1257
1299;1257
618;1258
619;1259
1720;1259
348;1259
620;1260
597;1260
620;1261
620;1262
498;1262
1764;1262
621;1263
1814;1263
621;1264
711;1264
1411;1264
621;1265
622;1266
440;1266
798;1266
622;1267
623;1268
624;1269
624;1270
371;1270
625;1271
277;1271
1952;1271
625;1272
626;1273
267;1273
626;1274
627;1275
627;1276
1228;1276
627;1277
628;1278
1750;1278
629;1279
629;1280
822;1280
1197;1280
630;1281
1351;1281
630;1282
356;1282
162;1282
630;1283
304;1283
631;1284
631;1285
631;1286
459;1286
632;1287
632;1288
783;1288
1881;1288
632;1289
886;1289
633;1290
770;1290
633;1291
1611;1291
634;1292
1729;1292
634;1293
1522;1293
635;1294
38;1294
635;1295
580;1295
636;1296
637;1297
1256;1297
1746;1297
638;1298
1926;1298
894;1298
639;1299
288;1299
640;1300
641;1301
641;1302
1533;1302
1728;1302
642;1303
24;1303
1010;1303
643;1304
643;1305
1103;1305
989;1305
643;1306
146;1306
644;1307
1241;1307
644;1308
644;1309
645;1310
645;1311
356;1311
1431;1311
645;1312
646;1313
1154;1313
646;1314
1214;1314
646;1315
647;1316
881;1316
116;1316
648;1317
759;1317
1172;1317
648;1318
1637;1318
1264;1318
649;1319
560;1319
80;1319
649;1320
849;1320
650;1321
874;1321
650;1322
447;1322
1688;1322
651;1323
809;1323
651;1324
1589;1324
651;1325
1555;1325
109;1325
652;1326
1294;1326
652;1327
732;1327
625;1327
652;1328
653;1329
653;1330
1905;1330
654;1331
657;1331
9;1331
654;1332
655;1333
655;1334
1237;1334
655;1335
298;1335
140;1335
656;1336
656;1337
709;1337
442;1337
657;1338
658;1339
658;1340
1906;1340
658;1341
659;1342
1664;1342
659;1343
1043;1343
903;1343
660;1344
60;1344
660;1345
1503;1345
659;1345
660;1346
1759;1346
170;1346
661;1347
662;1348
1037;1348
22;1348
663;1349
1508;1349
663;1350
1624;1350
664;1351
665;1352
665;1353
666;1354
478;1354
667;1355
1931;1355
668;1356
1625;1356
1124;1356
668;1357
1664;1357
245;1357
669;1358
670;1359
1222;1359
670;1360
1724;1360
1316;1360
670;1361
306;1361
1949;1361
671;1362
502;1362
1654;1362
671;1363
1135;1363
1949;1363
671;1364
644;1364
672;1365
252;1365
1119;1365
672;1366
103;1366
957;1366
673;1367
1107;1367
96;1367
674;1368
674;1369
675;1370
675;1371
336;1371
1699;1371
675;1372
676;1373
200;1373
677;1374
398;1374
677;1375
677;1376
1090;1376
601;1376
678;1377
1882;1377
584;1377
678;1378
429;1378
678;1379
1310;1379
823;1379
679;1380
1606;1380
816;1380
679;1381
121;1381
679;1382
824;1382
680;1383
505;1383
680;1384
1765;1384
680;1385
681;1386
681;1387
388;1387
1575;1387
681;1388
339;1388
682;1389
682;1390
682;1391
662;1391
1664;1391
683;1392
788;1392
683;1393
1860;1393
684;1394
1943;1394
685;1395
80;1395
685;1396
1947;1396
686;1397
1394;1397
686;1398
687;1399
1383;1399
1411;1399
687;1400
287;1400
1541;1400
687;1401
688;1402
1389;1402
688;1403
689;1404
727;1404
689;1405
690;1406
1235;1406
690;1407
690;1408
1615;1408
233;1408
691;1409
691;1410
691;1411
692;1412
304;1412
1200;1412
693;1413
740;1413
185;1413
693;1414
694;1415
1099;1415
1617;1415
695;1416
695;1417
695;1418
696;1419
547;1419
696;1420
697;1421
1689;1421
1680;1421
698;1422
1846;1422
698;1423
1778;1423
702;1423
699;1424
181;1424
699;1425
989;1425
517;1425
700;1426
1725;1426
1516;1426
701;1427
702;1428
781;1428
299;1428
702;1429
703;1430
703;1431
703;1432
704;1433
704;1434
1618;1434
1757;1434
705;1435
857;1435
1744;1435
705;1436
1866;1436
705;1437
706;1438
138;1438
706;1439
1177;1439
707;1440
707;1441
669;1441
409;1441
707;1442
1250;1442
153;1442
708;1443
1828;1443
708;1444
708;1445
33;1445
810;1445
709;1446
799;1446
709;1447
1491;1447
1918;1447
709;1448
1417;1448
710;1449
138;1449
280;1449
710;1450
710;1451
1763;1451
1000;1451
711;1452
212;1452
711;1453
712;1454
1010;1454
713;1455
734;1455
713;1456
1769;1456
713;1457
1248;1457
1026;1457
714;1458
877;1458
201;1458
715;1459
892;1459
356;1459
715;1460
1754;1460
1440;1460
715;1461
716;1462
609;1462
717;1463
718;1464
719;1465
719;1466
890;1466
720;1467
523;1467
721;1468
1399;1468
721;1469
560;1469
721;1470
1638;1470
722;1471
521;1471
250;1471
722;1472
806;1472
678;1472
722;1473
723;1474
878;1474
1426;1474
724;1475
724;1476
1416;1476
1729;1476
725;1477
1376;1477
794;1477
725;1478
726;1479
702;1479
416;1479
726;1480
726;1481
406;1481
1065;1481
727;1482
727;1483
9;1483
1253;1483
727;1484
1455;1484
404;1484
728;1485
705;1485
728;1486
729;1487
66;1487
1703;1487
729;1488
730;1489
400;1489
731;1490
348;1490
1528;1490
731;1491
937;1491
731;1492
552;1492
1578;1492
732;1493
733;1494
733;1495
1819;1495
509;1495
734;1496
734;1497
686;1497
734;1498
508;1498
561;1498
735;1499
595;1499
736;1500
736;1501
1776;1501
703;1501
737;1502
480;1502
507;1502
737;1503
738;1504
1506;1504
739;1505
739;1506
894;1506
740;1507
741;1508
988;1508
742;1509
1820;1509
742;1510
1984;1510
697;1510
742;1511
743;1512
744;1513
270;1513
279;1513
744;1514
1861;1514
286;1514
744;1515
55;1515
745;1516
649;1516
1968;1516
745;1517
745;1518
1231;1518
1464;1518
746;1519
1415;1519
747;1520
1715;1520
685;1520
747;1521
747;1522
748;1523
748;1524
1578;1524
1475;1524
749;1525
750;1526
751;1527
751;1528
1615;1528
895;1528
752;1529
1451;1529
1675;1529
752;1530
752;1531
1;1531
1904;1531
753;1532
964;1532
226;1532
754;1533
512;1533
387;1533
754;1534
904;1534
755;1535
755;1536
25;1536
756;1537
756;1538
860;1538
434;1538
757;1539
757;1540
757;1541
997;1541
651;1541
758;1542
758;1543
759;1544
1286;1544
759;1545
760;1546
709;1546
193;1546
761;1547
1329;1547
843;1547
761;1548
953;1548
1259;1548
761;1549
762;1550
1032;1550
763;1551
924;1551
763;1552
866;1552
1618;1552
763;1553
764;1554
765;1555
765;1556
1711;1556
766;1557
205;1557
1131;1557
767;1558
1231;1558
674;1558
767;1559
532;1559
767;1560
1566;1560
1268;1560
768;1561
117;1561
1652;1561
768;1562
768;1563
153;1563
9;1563
769;1564
721;1564
770;1565
89;1565
770;1566
771;1567
771;1568
1590;1568
771;1569
1877;1569
772;1570
1746;1570
941;1570
773;1571
1523;1571
774;1572
466;1572
774;1573
30;1573
1560;1573
775;1574
775;1575
775;1576
620;1576
776;1577
928;1577
777;1578
1632;1578
777;1579
702;1579
1972;1579
778;1580
423;1580
885;1580
779;1581
439;1581
779;1582
589;1582
779;1583
1882;1583
1226;1583
780;1584
565;1584
18;1584
780;1585
1697;1585
686;1585
781;1586
1240;1586
602;1586
781;1587
906;1587
781;1588
1112;1588
1027;1588
782;1589
783;1590
352;1590
783;1591
1517;1591
707;1591
784;1592
841;1592
466;1592
784;1593
1069;1593
785;1594
1897;1594
785;1595
926;1595
786;1596
787;1597
788;1598
1566;1598
969;1598
788;1599
788;1600
789;1601
790;1602
1984;1602
1824;1602
790;1603
641;1603
790;1604
1639;1604
1657;1604
791;1605
1329;1605
139;1605
792;1606
792;1607
1556;1607
914;1607
793;1608
1424;1608
286;1608
793;1609
1900;1609
1084;1609
793;1610
927;1610
1561;1610
794;1611
627;1611
794;1612
1817;1612
795;1613
993;1613
795;1614
796;1615
894;1615
1644;1615
796;1616
797;1617
1476;1617
797;1618
798;1619
201;1619
668;1619
798;1620
607;1620
799;1621
1889;1621
800;1622
474;1622
800;1623
800;1624
801;1625
338;1625
801;1626
801;1627
511;1627
802;1628
803;1629
803;1630
348;1630
517;1630
803;1631
399;1631
804;1632
785;1632
804;1633
1267;1633
1565;1633
804;1634
101;1634
457;1634
805;1635
1135;1635
345;1635
805;1636
813;1636
806;1637
1504;1637
806;1638
652;1638
806;1639
1559;1639
1431;1639
807;1640
318;1640
807;1641
261;1641
1294;1641
807;1642
1072;1642
808;1643
809;1644
356;1644
809;1645
809;1646
810;1647
810;1648
810;1649
153;1649
811;1650
292;1650
812;1651
856;1651
761;1651
812;1652
813;1653
1915;1653
967;1653
813;1654
814;1655
459;1655
815;1656
203;1656
1927;1656
815;1657
816;1658
886;1658
282;1658
817;1659
817;1660
1467;1660
817;1661
437;1661
645;1661
818;1662
1500;1662
134;1662
819;1663
819;1664
713;1664
819;1665
438;1665
1575;1665
820;1666
821;1667
1714;1667
982;1667
821;1668
468;1668
1639;1668
822;1669
822;1670
1821;1670
823;1671
811;1671
576;1671
824;1672
740;1672
1718;1672
824;1673
825;1674
1084;1674
1817;1674
825;1675
826;1676
826;1677
1679;1677
827;1678
344;1678
828;1679
347;1679
844;1679
829;1680
829;1681
155;1681
830;1682
830;1683
1607;1683
830;1684
197;1684
831;1685
832;1686
1255;1686
833;1687
834;1688
835;1689
126;1689
1757;1689
835;1690
1197;1690
1039;1690
836;1691
836;1692
1985;1692
1185;1692
837;1693
1427;1693
1394;1693
837;1694
1022;1694
838;1695
838;1696
838;1697
1654;1697
839;1698
648;1698
840;1699
1419;1699
823;1699
840;1700
1081;1700
283;1700
840;1701
705;1701
841;1702
841;1703
126;1703
842;1704
1455;1704
843;1705
843;1706
89;1706
844;1707
902;1707
844;1708
1539;1708
845;1709
845;1710
1381;1710
604;1710
846;1711
493;1711
630;1711
847;1712
1382;1712
857;1712
847;1713
286;1713
848;1714
849;1715
850;1716
851;1717
304;1717
37;1717
851;1718
755;1718
791;1718
852;1719
1068;1719
1187;1719
852;1720
1352;1720
1384;1720
852;1721
853;1722
854;1723
854;1724
855;1725
40;1725
1951;1725
855;1726
577;1726
855;1727
793;1727
1391;1727
856;1728
1271;1728
856;1729
1855;1729
1619;1729
856;1730
857;1731
232;1731
857;1732
495;1732
857;1733
1521;1733
1931;1733
858;1734
445;1734
1758;1734
858;1735
859;1736
860;1737
799;1737
749;1737
861;1738
861;1739
862;1740
1795;1740
862;1741
221;1741
862;1742
1077;1742
863;1743
908;1743
863;1744
864;1745
810;1745
1138;1745
865;1746
1585;1746
865;1747
1560;1747
865;1748
1234;1748
1603;1748
866;1749
866;1750
1827;1750
866;1751
779;1751
867;1752
485;1752
1500;1752
867;1753
867;1754
1786;1754
1041;1754
868;1755
1743;1755
237;1755
869;1756
869;1757
1386;1757
1203;1757
870;1758
870;1759
187;1759
870;1760
830;1760
985;1760
871;1761
90;1761
1821;1761
871;1762
164;1762
1455;1762
872;1763
873;1764
2000;1764
873;1765
1460;1765
874;1766
1131;1766
1129;1766
874;1767
568;1767
1967;1767
874;1768
875;1769
875;1770
875;1771
1770;1771
876;1772
1537;1772
1910;1772
877;1773
665;1773
1842;1773
877;1774
878;1775
6;1775
944;1775
878;1776
581;1776
124;1776
879;1777
1988;1777
1706;1777
880;1778
1584;1778
880;1779
1464;1779
880;1780
940;1780
881;1781
1107;1781
882;1782
882;1783
867;1783
461;1783
883;1784
1290;1784
884;1785
884;1786
884;1787
1341;1787
885;1788
886;1789
222;1789
886;1790
564;1790
1392;1790
887;1791
887;1792
1907;1792
888;1793
596;1793
1855;1793
889;1794
771;1794
727;1794
889;1795
1436;1795
75;1795
889;1796
890;1797
890;1798
891;1799
61;1799
891;1800
328;1800
688;1800
891;1801
892;1802
125;1802
892;1803
1484;1803
893;1804
142;1804
893;1805
894;1806
1456;1806
894;1807
432;1807
979;1807
894;1808
1462;1808
895;1809
895;1810
1275;1810
896;1811
896;1812
1070;1812
896;1813
92;1813
1621;1813
897;1814
1052;1814
779;1814
897;1815
897;1816
331;1816
280;1816
898;1817
898;1818
898;1819
897;1819
899;1820
899;1821
1463;1821
899;1822
1432;1822
1771;1822
900;1823
900;1824
264;1824
705;1824
901;1825
2000;1825
901;1826
901;1827
902;1828
1062;1828
1747;1828
902;1829
903;1830
233;1830
1562;1830
904;1831
63;1831
976;1831
905;1832
396;1832
1043;1832
906;1833
906;1834
907;1835
908;1836
908;1837
379;1837
1846;1837
909;1838
910;1839
1118;1839
911;1840
911;1841
777;1841
912;1842
912;1843
27;1843
1819;1843
912;1844
145;1844
1493;1844
913;1845
975;1845
1353;1845
913;1846
506;1846
1123;1846
914;1847
443;1847
915;1848
915;1849
916;1850
1380;1850
1049;1850
917;1851
289;1851
917;1852
52;1852
1080;1852
918;1853
597;1853
283;1853
918;1854
483;1854
1023;1854
919;1855
842;1855
919;1856
161;1856
920;1857
413;1857
921;1858
1829;1858
922;1859
108;1859
923;1860
1426;1860
924;1861
698;1861
924;1862
84;1862
925;1863
925;1864
1052;1864
852;1864
925;1865
898;1865
832;1865
926;1866
927;1867
556;1867
927;1868
928;1869
1021;1869
929;1870
930;1871
740;1871
460;1871
930;1872
931;1873
1420;1873
931;1874
1225;1874
932;1875
1473;1875
933;1876
934;1877
377;1877
187;1877
935;1878
1990;1878
935;1879
936;1880
936;1881
1386;1881
936;1882
1831;1882
1751;1882
937;1883
1660;1883
211;1883
937;1884
93;1884
937;1885
1100;1885
938;1886
1716;1886
1721;1886
939;1887
969;1887
58;1887
939;1888
940;1889
1056;1889
941;1890
942;1891
1444;1891
351;1891
942;1892
1877;1892
943;1893
194;1893
944;1894
579;1894
944;1895
945;1896
562;1896
1356;1896
946;1897
946;1898
1653;1898
947;1899
948;1900
1202;1900
949;1901
949;1902
950;1903
950;1904
299;1904
1921;1904
950;1905
791;1905
951;1906
952;1907
356;1907
953;1908
953;1909
639;1909
153;1909
953;1910
1384;1910
1633;1910
954;1911
689;1911
1163;1911
955;1912
1229;1912
955;1913
8;1913
956;1914
416;1914
1998;1914
957;1915
957;1916
373;1916
1627;1916
957;1917
1447;1917
958;1918
958;1919
1000;1919
433;1919
958;1920
216;1920
959;1921
70;1921
960;1922
545;1922
960;1923
924;1923
961;1924
1402;1924
459;1924
962;1925
181;1925
962;1926
963;1927
695;1927
741;1927
963;1928
1211;1928
964;1929
1343;1929
965;1930
1615;1930
1804;1930
966;1931
1326;1931
967;1932
967;1933
53;1933
720;1933
968;1934
1877;1934
969;1935
1032;1935
1402;1935
969;1936
970;1937
102;1937
970;1938
1334;1938
1612;1938
970;1939
971;1940
972;1941
972;1942
579;1942
973;1943
933;1943
974;1944
427;1944
1721;1944
975;1945
1292;1945
1112;1945
975;1946
864;1946
1112;1946
976;1947
797;1947
976;1948
976;1949
977;1950
1121;1950
977;1951
1934;1951
977;1952
978;1953
1584;1953
979;1954
1709;1954
1617;1954
979;1955
980;1956
1526;1956
788;1956
980;1957
1581;1957
981;1958
3;1958
982;1959
1701;1959
18;1959
983;1960
983;1961
1493;1961
983;1962
1938;1962
984;1963
984;1964
947;1964
483;1964
985;1965
985;1966
1475;1966
986;1967
672;1967
467;1967
986;1968
679;1968
987;1969
1950;1969
1209;1969
987;1970
1528;1970
988;1971
1505;1971
1284;1971
988;1972
1841;1972
1333;1972
988;1973
1741;1973
989;1974
1272;1974
989;1975
990;1976
1751;1976
991;1977
279;1977
232;1977
991;1978
992;1979
992;1980
1928;1980
1506;1980
992;1981
1421;1981
1713;1981
993;1982
1786;1982
1778;1982
993;1983
1484;1983
183;1983
994;1984
995;1985
1033;1985
995;1986
1908;1986
1494;1986
995;1987
984;1987
996;1988
1635;1988
996;1989
1433;1989
1537;1989
997;1990
1556;1990
829;1990
997;1991
1368;1991
998;1992
823;1992
494;1992
998;1993
493;1993
1060;1993
998;1994
541;1994
924;1994
999;1995
1661;1995
999;1996
1000;1997
481;1997
1001;1998
1001;1999
1360;1999
1002;2000
1002;2001
1002;2002
165;2002
986;2002
1003;2003
1003;2004
1003;2005
1004;2006
523;2006
1993;2006
1004;2007
1446;2007
1315;2007
1004;2008
950;2008
649;2008
1005;2009
1763;2009
1141;2009
1005;2010
994;2010
511;2010
1005;2011
667;2011
1360;2011
1006;2012
908;2012
1006;2013
1856;2013
1463;2013
1006;2014
1007;2015
1008;2016
1923;2016
1009;2017
1799;2017
1009;2018
121;2018
1010;2019
79;2019
1963;2019
1010;2020
1199;2020
1137;2020
1011;2021
1011;2022
1011;2023
576;2023
1987;2023
1012;2024
1224;2024
1028;2024
1012;2025
1460;2025
1013;2026
1600;2026
380;2026
1014;2027
1014;2028
1439;2028
741;2028
1015;2029
1015;2030
390;2030
200;2030
1015;2031
1174;2031
358;2031
1016;2032
1017;2033
793;2033
1156;2033
1017;2034
1018;2035
1863;2035
489;2035
1018;2036
1019;2037
1075;2037
1019;2038
125;2038
262;2038
1019;2039
1255;2039
707;2039
1020;2040
503;2040
1020;2041
1361;2041
1134;2041
1021;2042
547;2042
1466;2042
1021;2043
772;2043
1021;2044
237;2044
1153;2044
1022;2045
1736;2045
1023;2046
1023;2047
920;2047
1799;2047
1024;2048
1025;2049
894;2049
1025;2050
1025;2051
1265;2051
1858;2051
1026;2052
1026;2053
1026;2054
300;2054
1027;2055
724;2055
1028;2056
982;2056
1029;2057
1882;2057
678;2057
1030;2058
1518;2058
61;2058
1030;2059
1305;2059
1030;2060
909;2060
1785;2060
1031;2061
370;2061
1032;2062
1670;2062
1032;2063
233;2063
1033;2064
1082;2064
1273;2064
1034;2065
1034;2066
1035;2067
1261;2067
1012;2067
1035;2068
1036;2069
605;2069
332;2069
1037;2070
1252;2070
1037;2071
1038;2072
1802;2072
494;2072
1039;2073
393;2073
1039;2074
1768;2074
1040;2075
1040;2076
1168;2076
1481;2076
1040;2077
212;2077
1041;2078
530;2078
1041;2079
981;2079
1789;2079
1042;2080
1042;2081
531;2081
25;2081
1042;2082
776;2082
1043;2083
1043;2084
825;2084
1044;2085
724;2085
1045;2086
177;2086
1046;2087
918;2087
1046;2088
1421;2088
1046;2089
405;2089
1047;2090
1808;2090
1289;2090
1047;2091
1758;2091
601;2091
1047;2092
1048;2093
45;2093
1135;2093
1048;2094
1845;2094
1048;2095
1049;2096
1851;2096
1050;2097
1051;2098
1284;2098
1051;2099
1052;2100
1430;2100
1052;2101
358;2101
1663;2101
1052;2102
1159;2102
1053;2103
1053;2104
1053;2105
690;2105
1054;2106
365;2106
1055;2107
1408;2107
675;2107
1056;2108
581;2108
1883;2108
1056;2109
499;2109
919;2109
1056;2110
1887;2110
134;2110
1057;2111
79;2111
1391;2111
1057;2112
1057;2113
720;2113
39;2113
1058;2114
1430;2114
1058;2115
1058;2116
1059;2117
1059;2118
1059;2119
1970;2119
1060;2120
909;2120
1061;2121
206;2121
1061;2122
346;2122
564;2122
1061;2123
1738;2123
974;2123
1062;2124
828;2124
1062;2125
987;2125
1062;2126
911;2126
622;2126
1063;2127
1761;2127
1064;2128
1186;2128
1065;2129
1065;2130
1065;2131
30;2131
1066;2132
1215;2132
1066;2133
152;2133
1503;2133
1066;2134
680;2134
75;2134
1067;2135
800;2135
1228;2135
1067;2136
253;2136
1827;2136
1067;2137
1479;2137
1446;2137
1068;2138
90;2138
1068;2139
1068;2140
1069;2141
568;2141
1315;2141
1069;2142
1069;2143
1635;2143
1070;2144
851;2144
1071;2145
1101;2145
1123;2145
1071;2146
1071;2147
1072;2148
731;2148
1510;2148
1072;2149
1072;2150
276;2150
761;2150
1073;2151
1073;2152
1561;2152
1074;2153
370;2153
1075;2154
1011;2154
790;2154
1075;2155
1706;2155
1075;2156
1076;2157
1333;2157
644;2157
1077;2158
96;2158
1440;2158
1077;2159
299;2159
1103;2159
1077;2160
678;2160
1078;2161
1190;2161
1078;2162
1079;2163
1595;2163
1079;2164
1765;2164
1328;2164
1080;2165
1745;2165
996;2165
1080;2166
1081;2167
1049;2167
1081;2168
1082;2169
1083;2170
143;2170
1084;2171
599;2171
1876;2171
1084;2172
1085;2173
576;2173
1085;2174
1088;2174
1302;2174
1085;2175
87;2175
1086;2176
190;2176
1086;2177
1086;2178
1087;2179
499;2179
1456;2179
1087;2180
138;2180
1796;2180
1087;2181
1088;2182
803;2182
1088;2183
364;2183
1140;2183
1088;2184
1508;2184
1693;2184
1089;2185
1026;2185
401;2185
1090;2186
939;2186
1291;2186
1090;2187
1047;2187
1949;2187
1090;2188
1;2188
1603;2188
1091;2189
210;2189
1211;2189
1091;2190
1091;2191
1912;2191
553;2191
1092;2192
1093;2193
457;2193
430;2193
1094;2194
1897;2194
1094;2195
1783;2195
192;2195
1095;2196
1664;2196
1958;2196
1095;2197
1095;2198
1096;2199
748;2199
258;2199
1097;2200
1097;2201
917;2201
1874;2201
1098;2202
699;2202
1293;2202
1099;2203
841;2203
1522;2203
1099;2204
468;2204
612;2204
1099;2205
374;2205
577;2205
1100;2206
1100;2207
247;2207
1759;2207
1100;2208
1163;2208
1433;2208
1101;2209
1102;2210
1102;2211
1102;2212
1103;2213
548;2213
1103;2214
1472;2214
1855;2214
1103;2215
1778;2215
1104;2216
1104;2217
1105;2218
982;2218
1490;2218
1105;2219
1106;2220
1746;2220
1107;2221
1108;2222
294;2222
1108;2223
1109;2224
704;2224
910;2224
1109;2225
502;2225
1730;2225
1110;2226
437;2226
1864;2226
1111;2227
1208;2227
1111;2228
401;2228
1198;2228
1112;2229
1719;2229
1112;2230
1762;2230
1650;2230
1112;2231
1006;2231
1057;2231
1113;2232
1808;2232
189;2232
1113;2233
513;2233
1113;2234
590;2234
20;2234
1114;2235
670;2235
1114;2236
101;2236
1114;2237
1164;2237
1042;2237
1115;2238
267;2238
812;2238
1115;2239
1115;2240
1325;2240
1116;2241
1637;2241
1116;2242
1116;2243
1767;2243
48;2243
1117;2244
654;2244
1860;2244
1117;2245
918;2245
1609;2245
1118;2246
716;2246
1324;2246
1118;2247
1039;2247
394;2247
1118;2248
1713;2248
1119;2249
1119;2250
1986;2250
1127;2250
1119;2251
1120;2252
1847;2252
1437;2252
1120;2253
103;2253
1120;2254
1793;2254
1121;2255
1649;2255
1121;2256
1121;2257
1122;2258
1122;2259
1083;2259
1122;2260
1925;2260
1123;2261
1505;2261
1059;2261
1124;2262
1125;2263
1123;2263
446;2263
1126;2264
121;2264
1126;2265
1126;2266
1370;2266
1288;2266
1127;2267
1396;2267
1858;2267
1128;2268
1422;2268
283;2268
1128;2269
1129;2270
1713;2270
585;2270
1130;2271
320;2271
1130;2272
551;2272
1130;2273
1907;2273
1131;2274
1131;2275
1869;2275
196;2275
1131;2276
1402;2276
332;2276
1132;2277
1132;2278
714;2278
1132;2279
1133;2280
1896;2280
1440;2280
1134;2281
111;2281
848;2281
1134;2282
372;2282
145;2282
1135;2283
12;2283
346;2283
1135;2284
1400;2284
896;2284
1135;2285
390;2285
1136;2286
1910;2286
1137;2287
849;2287
1686;2287
1138;2288
1261;2288
1732;2288
1138;2289
1138;2290
1389;2290
1473;2290
1139;2291
583;2291
258;2291
1139;2292
1402;2292
1051;2292
1139;2293
1140;2294
1868;2294
1141;2295
1141;2296
1253;2296
1142;2297
1710;2297
893;2297
1142;2298
1843;2298
1142;2299
1143;2300
463;2300
1143;2301
1144;2302
1738;2302
1145;2303
1924;2303
1146;2304
861;2304
311;2304
1146;2305
1147;2306
582;2306
1147;2307
1914;2307
1182;2307
1147;2308
911;2308
64;2308
1148;2309
1798;2309
1342;2309
1149;2310
1149;2311
1149;2312
536;2312
1150;2313
1134;2313
535;2313
1150;2314
1276;2314
1221;2314
1151;2315
362;2315
1151;2316
95;2316
1151;2317
1765;2317
1152;2318
1153;2319
1154;2320
1736;2320
1154;2321
1244;2321
1155;2322
1471;2322
1155;2323
1156;2324
1948;2324
1156;2325
1157;2326
1495;2326
1412;2326
1157;2327
1157;2328
1420;2328
1158;2329
1158;2330
651;2330
1159;2331
1903;2331
1160;2332
1433;2332
1160;2333
1429;2333
573;2333
1160;2334
1745;2334
1161;2335
1812;2335
1295;2335
1162;2336
1163;2337
1163;2338
308;2338
1443;2338
1163;2339
330;2339
1164;2340
298;2340
602;2340
1164;2341
688;2341
140;2341
1164;2342
1165;2343
1177;2343
339;2343
1166;2344
1280;2344
1167;2345
287;2345
330;2345
1167;2346
1396;2346
1167;2347
1635;2347
1168;2348
411;2348
996;2348
1169;2349
1062;2349
1170;2350
1989;2350
395;2350
1170;2351
1170;2352
1171;2353
982;2353
1172;2354
1172;2355
287;2355
1173;2356
851;2356
1173;2357
1173;2358
652;2358
448;2358
1174;2359
1174;2360
1264;2360
1174;2361
1333;2361
1175;2362
604;2362
1175;2363
415;2363
1176;2364
896;2364
894;2364
1176;2365
348;2365
1177;2366
1177;2367
479;2367
1394;2367
1178;2368
1178;2369
1934;2369
1179;2370
1351;2370
1672;2370
1179;2371
1263;2371
1179;2372
1058;2372
1180;2373
550;2373
1806;2373
1180;2374
1486;2374
1180;2375
791;2375
1181;2376
1367;2376
1416;2376
1181;2377
1130;2377
549;2377
1182;2378
612;2378
1182;2379
1792;2379
1745;2379
1182;2380
213;2380
531;2380
1183;2381
1183;2382
147;2382
1978;2382
1183;2383
1769;2383
1184;2384
1185;2385
1186;2386
1865;2386
1186;2387
36;2387
391;2387
1187;2388
1187;2389
63;2389
135;2389
1187;2390
527;2390
603;2390
1188;2391
126;2391
1796;2391
1188;2392
1189;2393
1189;2394
377;2394
1189;2395
1519;2395
1190;2396
970;2396
1191;2397
1192;2398
482;2398
1192;2399
1192;2400
401;2400
634;2400
1193;2401
1238;2401
967;2401
1194;2402
1068;2402
1194;2403
171;2403
157;2403
1195;2404
1003;2404
1044;2404
1195;2405
1557;2405
1195;2406
1196;2407
1196;2408
1197;2409
1197;2410
1578;2410
1198;2411
1199;2412
1199;2413
24;2413
1199;2414
1200;2415
1532;2415
1200;2416
1201;2417
1201;2418
1474;2418
388;2418
1202;2419
282;2419
1202;2420
1914;2420
1943;2420
1202;2421
863;2421
1115;2421
1203;2422
1470;2422
1203;2423
1954;2423
1204;2424
602;2424
1204;2425
1205;2426
483;2426
1205;2427
328;2427
1206;2428
960;2428
128;2428
1207;2429
1207;2430
329;2430
1208;2431
83;2431
1504;2431
1208;2432
1744;2432
1676;2432
1209;2433
1739;2433
1209;2434
1210;2435
886;2435
1941;2435
1210;2436
897;2436
1210;2437
1218;2437
1211;2438
1211;2439
517;2439
1212;2440
575;2440
1737;2440
1212;2441
46;2441
135;2441
1213;2442
1213;2443
1214;2444
1011;2444
1214;2445
1665;2445
631;2445
1215;2446
1215;2447
1216;2448
363;2448
542;2448
1216;2449
1217;2450
814;2450
1217;2451
1731;2451
1218;2452
1650;2452
1219;2453
73;2453
1178;2453
1219;2454
1458;2454
1220;2455
981;2455
1492;2455
1221;2456
465;2456
1221;2457
444;2457
1221;2458
1805;2458
1222;2459
1222;2460
1222;2461
779;2461
838;2461
1223;2462
1382;2462
1223;2463
1279;2463
1072;2463
1224;2464
1225;2465
27;2465
1529;2465
1225;2466
1225;2467
1125;2467
1226;2468
1272;2468
1226;2469
1099;2469
1227;2470
1481;2470
731;2470
1228;2471
1228;2472
602;2472
1228;2473
1229;2474
211;2474
590;2474
1229;2475
1238;2475
1230;2476
1230;2477
828;2477
1230;2478
1231;2479
1231;2480
1232;2481
582;2481
1232;2482
1348;2482
1415;2482
1232;2483
1233;2484
373;2484
1233;2485
1233;2486
1234;2487
1401;2487
583;2487
1234;2488
1235;2489
1235;2490
1232;2490
1791;2490
1235;2491
895;2491
1236;2492
1353;2492
1544;2492
1236;2493
418;2493
1236;2494
1693;2494
577;2494
1237;2495
1142;2495
1678;2495
1237;2496
1461;2496
16;2496
1238;2497
1378;2497
1364;2497
1238;2498
1239;2499
1240;2500
489;2500
1081;2500
1241;2501
1608;2501
1175;2501
1241;2502
692;2502
1242;2503
1242;2504
1242;2505
450;2505
1858;2505
1243;2506
1054;2506
1136;2506
1243;2507
1244;2508
1032;2508
638;2508
1244;2509
1151;2509
884;2509
1244;2510
1328;2510
739;2510
1245;2511
323;2511
882;2511
1245;2512
1124;2512
1051;2512
1246;2513
1892;2513
1246;2514
1246;2515
48;2515
1247;2516
1247;2517
1247;2518
651;2518
1248;2519
1249;2520
1823;2520
1249;2521
1238;2521
1249;2522
1047;2522
1250;2523
371;2523
1250;2524
1009;2524
1251;2525
700;2525
1013;2525
1251;2526
724;2526
658;2526
1252;2527
1252;2528
1253;2529
1253;2530
1254;2531
993;2531
1255;2532
162;2532
1132;2532
1255;2533
1256;2534
1161;2534
974;2534
1256;2535
241;2535
1257;2536
1257;2537
436;2537
1257;2538
780;2538
577;2538
1258;2539
1051;2539
1258;2540
1184;2540
1713;2540
1258;2541
1259;2542
1260;2542
1540;2542
1259;2543
1259;2544
857;2544
261;2544
1260;2545
1730;2545
1260;2546
1576;2546
1260;2547
1255;2547
1261;2548
1262;2549
1180;2549
1263;2550
840;2550
1263;2551
441;2551
1481;2551
1263;2552
73;2552
1264;2553
1714;2553
1611;2553
1264;2554
1070;2554
440;2554
1265;2555
1143;2555
1265;2556
211;2556
1265;2557
620;2557
1154;2557
1266;2558
1207;2558
1266;2559
426;2559
1482;2559
1267;2560
1354;2560
1267;2561
1267;2562
1270;2562
1268;2563
1268;2564
1269;2565
1269;2566
620;2566
1695;2566
1269;2567
890;2567
649;2567
1270;2568
1665;2568
1270;2569
1270;2570
925;2570
1271;2571
880;2571
608;2571
1272;2572
324;2572
1867;2572
1272;2573
1869;2573
691;2573
1272;2574
1273;2575
1916;2575
1273;2576
1350;2576
1079;2576
1273;2577
1274;2578
660;2578
1274;2579
815;2579
1601;2579
1274;2580
611;2580
1972;2580
1275;2581
1708;2581
1275;2582
1995;2582
1275;2583
1276;2584
929;2584
37;2584
1277;2585
1217;2585
1277;2586
198;2586
1098;2586
1277;2587
1278;2588
1278;2589
1279;2590
188;2590
262;2590
1279;2591
563;2591
1280;2592
491;2592
200;2592
1281;2593
1282;2594
507;2594
1282;2595
1309;2595
1282;2596
185;2596
1283;2597
695;2597
1284;2598
1284;2599
1285;2600
327;2600
1285;2601
1286;2602
1439;2602
1286;2603
1287;2604
24;2604
459;2604
1288;2605
472;2605
1288;2606
1288;2607
1289;2608
1289;2609
1290;2610
1290;2611
1701;2611
1290;2612
1288;2612
1291;2613
1292;2614
125;2614
131;2614
1292;2615
192;2615
1292;2616
1293;2617
379;2617
1991;2617
1293;2618
1592;2618
1293;2619
888;2619
1920;2619
1294;2620
387;2620
1294;2621
1429;2621
1295;2622
1991;2622
1021;2622
1295;2623
1295;2624
412;2624
1296;2625
1328;2625
1297;2626
1909;2626
1679;2626
1297;2627
307;2627
884;2627
1298;2628
1825;2628
1298;2629
1298;2630
543;2630
12;2630
1299;2631
1300;2632
1301;2633
690;2633
1301;2634
1301;2635
1302;2636
802;2636
1302;2637
1303;2638
239;2638
1215;2638
1304;2639
731;2639
765;2639
1304;2640
1681;2640
1305;2641
1305;2642
1879;2642
1306;2643
1307;2644
1787;2644
918;2644
1308;2645
956;2645
834;2645
1308;2646
760;2646
378;2646
1308;2647
1309;2648
1844;2648
1309;2649
802;2649
1309;2650
295;2650
1310;2651
298;2651
1311;2652
1312;2653
1203;2653
1872;2653
1312;2654
445;2654
1313;2655
1313;2656
1474;2656
480;2656
1314;2657
1958;2657
1315;2658
403;2658
1194;2658
1315;2659
1315;2660
21;2660
1316;2661
1316;2662
598;2662
822;2662
1317;2663
1318;2664
632;2664
1318;2665
215;2665
1217;2665
1319;2666
299;2666
1320;2667
339;2667
1320;2668
260;2668
12;2668
1321;2669
1322;2670
626;2670
1323;2671
1324;2672
1324;2673
1325;2674
1325;2675
84;2675
1486;2675
1326;2676
1840;2676
1326;2677
1494;2677
767;2677
1326;2678
1327;2679
847;2679
1328;2680
1329;2681
1330;2682
1735;2682
1331;2683
648;2683
1332;2684
806;2684
1332;2685
1333;2686
1334;2687
10;2687
1478;2687
1335;2688
1336;2689
689;2689
1336;2690
293;2690
1060;2690
1336;2691
1337;2692
1648;2692
1337;2693
1785;2693
965;2693
1338;2694
766;2694
1041;2694
1338;2695
1405;2695
1338;2696
1339;2697
1339;2698
1760;2698
1339;2699
375;2699
1340;2700
1340;2701
1341;2702
1341;2703
1341;2704
685;2704
1342;2705
957;2705
1802;2705
1343;2706
34;2706
1832;2706
1343;2707
1343;2708
1384;2708
1600;2708
1344;2709
1190;2709
1345;2710
1659;2710
1345;2711
1346;2712
1346;2713
728;2713
1832;2713
1347;2714
1347;2715
427;2715
1347;2716
1492;2716
1348;2717
1671;2717
536;2717
1349;2718
92;2718
438;2718
1349;2719
1350;2720
1350;2721
1543;2721
185;2721
1350;2722
605;2722
855;2722
1351;2723
1352;2724
750;2724
753;2724
1353;2725
1251;2725
108;2725
1354;2726
1354;2727
1956;2727
1355;2728
719;2728
1356;2729
1531;2729
521;2729
1356;2730
621;2730
1357;2731
1882;2731
1357;2732
296;2732
1318;2732
1357;2733
598;2733
900;2733
1358;2734
151;2734
1358;2735
1575;2735
1359;2736
1360;2737
1005;2737
1333;2737
1361;2738
1361;2739
563;2739
1361;2740
1477;2740
571;2740
1362;2741
876;2741
163;2741
1362;2742
395;2742
805;2742
1362;2743
906;2743
1363;2744
1363;2745
649;2745
1364;2746
1444;2746
79;2746
1364;2747
1322;2747
1364;2748
1692;2748
234;2748
1365;2749
1366;2750
1626;2750
1367;2751
1479;2751
848;2751
1367;2752
1896;2752
1368;2753
1368;2754
1679;2754
1368;2755
1369;2756
672;2756
1956;2756
1370;2757
611;2757
1224;2757
1370;2758
1590;2758
120;2758
1370;2759
1371;2760
1257;2760
1372;2761
229;2761
567;2761
1373;2762
992;2762
251;2762
1373;2763
1374;2764
1847;2764
1184;2764
1375;2765
1051;2765
1828;2765
1376;2766
513;2766
1377;2767
1325;2767
185;2767
1377;2768
1378;2769
1995;2769
1379;2770
175;2770
1380;2771
755;2771
1380;2772
1130;2772
1380;2773
570;2773
1371;2773
1381;2774
1952;2774
1382;2775
1382;2776
582;2776
644;2776
1382;2777
1438;2777
693;2777
1383;2778
1383;2779
1074;2779
891;2779
1384;2780
1054;2780
1384;2781
1385;2782
1385;2783
1386;2784
1520;2784
1357;2784
1386;2785
24;2785
1943;2785
1387;2786
1100;2786
1970;2786
1388;2787
1302;2787
1175;2787
1388;2788
1389;2789
1850;2789
1146;2789
1390;2790
862;2790
1220;2790
1390;2791
183;2791
1391;2792
1388;2792
280;2792
1392;2793
854;2793
153;2793
1392;2794
531;2794
1393;2795
484;2795
6;2795
1393;2796
1393;2797
1844;2797
1394;2798
201;2798
1394;2799
70;2799
1594;2799
1394;2800
1442;2800
1395;2801
1395;2802
1870;2802
1396;2803
1396;2804
338;2804
862;2804
1397;2805
700;2805
1342;2805
1397;2806
319;2806
1355;2806
1397;2807
1398;2808
1398;2809
725;2809
1399;2810
156;2810
1559;2810
1399;2811
1400;2812
1847;2812
1027;2812
1400;2813
1265;2813
1290;2813
1400;2814
1401;2815
481;2815
1760;2815
1402;2816
631;2816
1403;2817
278;2817
163;2817
1404;2818
1640;2818
1404;2819
906;2819
1399;2819
1405;2820
1405;2821
1177;2821
1802;2821
1406;2822
1406;2823
65;2823
1046;2823
1406;2824
1224;2824
1518;2824
1407;2825
1849;2825
1501;2825
1407;2826
1014;2826
1478;2826
1407;2827
720;2827
1408;2828
1408;2829
1123;2829
1409;2830
1409;2831
1409;2832
1410;2833
31;2833
794;2833
1410;2834
1411;2835
485;2835
1411;2836
1926;2836
1412;2837
596;2837
307;2837
1413;2838
1670;2838
1192;2838
1414;2839
1415;2840
1886;2840
1416;2841
86;2841
1416;2842
1309;2842
1416;2843
1417;2844
1203;2844
1417;2845
1417;2846
1418;2847
586;2847
254;2847
1418;2848
250;2848
1418;2849
1419;2850
369;2850
107;2850
1420;2851
1375;2851
918;2851
1420;2852
1425;2852
1420;2853
1249;2853
1531;2853
1421;2854
1050;2854
1421;2855
1422;2856
1422;2857
391;2857
1422;2858
408;2858
1423;2859
1423;2860
1424;2861
677;2861
1804;2861
1424;2862
339;2862
1425;2863
1425;2864
34;2864
1425;2865
1426;2866
1426;2867
1426;2868
1639;2868
1427;2869
1427;2870
1428;2871
217;2871
386;2871
1428;2872
1457;2872
1677;2872
1429;2873
276;2873
984;2873
1429;2874
641;2874
1430;2875
1777;2875
1430;2876
165;2876
1430;2877
1802;2877
1431;2878
1431;2879
1432;2880
898;2880
226;2880
1432;2881
412;2881
1432;2882
302;2882
942;2882
1433;2883
177;2883
1836;2883
1433;2884
1434;2885
1529;2885
1435;2886
1956;2886
811;2886
1435;2887
489;2887
1436;2888
1810;2888
1436;2889
1436;2890
1837;2890
1646;2890
1437;2891
41;2891
1437;2892
505;2892
1437;2893
1425;2893
1438;2894
1843;2894
1046;2894
1438;2895
1438;2896
1439;2897
135;2897
1411;2897
1439;2898
1440;2899
1440;2900
950;2900
1449;2900
1440;2901
1441;2902
748;2902
1028;2902
1441;2903
1442;2904
1442;2905
1443;2906
1646;2906
824;2906
1443;2907
993;2907
6;2907
1443;2908
1672;2908
1444;2909
1445;2910
1446;2911
1447;2912
1179;2912
1381;2912
1447;2913
1447;2914
1913;2914
1448;2915
401;2915
1448;2916
784;2916
1448;2917
1887;2917
1449;2918
985;2918
1633;2918
1450;2919
218;2919
986;2919
1451;2920
78;2920
1451;2921
1674;2921
1451;2922
1452;2923
1453;2924
903;2924
1453;2925
1065;2925
778;2925
1453;2926
572;2926
1454;2927
1454;2928
808;2928
231;2928
1455;2929
91;2929
1455;2930
1264;2930
516;2930
1456;2931
1200;2931
1571;2931
1456;2932
598;2932
150;2932
1457;2933
1458;2934
364;2934
973;2934
1459;2935
839;2935
682;2935
1459;2936
1326;2936
1460;2937
1460;2938
1834;2938
1460;2939
1206;2939
1461;2940
1461;2941
1461;2942
1462;2943
125;2943
725;2943
1463;2944
1125;2944
183;2944
1464;2945
1309;2945
244;2945
1465;2946
1247;2946
1465;2947
1466;2948
1467;2949
1467;2950
1467;2951
1468;2952
141;2952
1640;2952
1468;2953
1697;2953
1468;2954
1437;2954
1469;2955
557;2955
1886;2955
1470;2956
1470;2957
800;2957
589;2957
1471;2958
301;2958
1471;2959
1471;2960
1733;2960
777;2960
1472;2961
1472;2962
1472;2963
1473;2964
187;2964
1968;2964
1474;2965
739;2965
1475;2966
1171;2966
1779;2966
1476;2967
937;2967
1477;2968
774;2968
1477;2969
1478;2970
369;2970
1542;2970
1478;2971
1887;2971
961;2971
1478;2972
1479;2973
1479;2974
1222;2974
1480;2975
1481;2976
1290;2976
1787;2976
1482;2977
361;2977
1482;2978
1483;2979
695;2979
1484;2980
1484;2981
1223;2981
1485;2982
1200;2982
1485;2983
532;2983
1485;2984
26;2984
1837;2984
1486;2985
1486;2986
313;2986
1487;2987
303;2987
1487;2988
1697;2988
653;2988
1487;2989
491;2989
1488;2990
1489;2991
1575;2991
1489;2992
242;2992
1835;2992
1489;2993
1490;2994
1248;2994
1490;2995
293;2995
1490;2996
375;2996
693;2996
1491;2997
1908;2997
251;2997
1492;2998
1492;2999
1493;3000
1493;3001
1493;3002
457;3002
1494;3003
135;3003
1721;3003
1494;3004
605;3004
1371;3004
1494;3005
1244;3005
1495;3006
1495;3007
1495;3008
213;3008
553;3008
1496;3009
1496;3010
1497;3011
1497;3012
626;3012
1533;3012
1498;3013
1436;3013
1498;3014
1630;3014
583;3014
1499;3015
1500;3016
1500;3017
1500;3018
1040;3018
452;3018
1501;3019
1501;3020
292;3020
1502;3021
1502;3022
1503;3023
1504;3024
1504;3025
402;3025
1505;3026
1505;3027
506;3027
112;3027
1505;3028
316;3028
1506;3029
1131;3029
1788;3029
1506;3030
144;3030
736;3030
1506;3031
1718;3031
1007;3031
1507;3032
1507;3033
1508;3034
431;3034
1508;3035
1591;3035
1509;3036
562;3036
1927;3036
1509;3037
1509;3038
1471;3038
1510;3039
335;3039
1510;3040
1510;3041
1653;3041
1875;3041
1511;3042
1467;3042
1512;3043
1512;3044
1513;3045
1814;3045
53;3045
1514;3046
1514;3047
339;3047
1514;3048
325;3048
320;3048
1515;3049
1912;3049
1515;3050
78;3050
1516;3051
1435;3051
1517;3052
1518;3053
1151;3053
1519;3054
754;3054
1520;3055
346;3055
1520;3056
1953;3056
1520;3057
1956;3057
1521;3058
498;3058
1657;3058
1521;3059
164;3059
1521;3060
158;3060
1522;3061
1522;3062
1523;3063
1523;3064
1934;3064
1524;3065
1525;3066
1903;3066
1526;3067
1527;3068
1015;3068
1528;3069
771;3069
1629;3069
1528;3070
1528;3071
457;3071
1529;3072
831;3072
1562;3072
1529;3073
180;3073
725;3073
1529;3074
1530;3075
496;3075
1742;3075
1531;3076
1531;3077
1534;3077
1531;3078
303;3078
1532;3079
1111;3079
1622;3079
1532;3080
1532;3081
1786;3081
1533;3082
891;3082
1533;3083
1534;3084
330;3084
1535;3085
1535;3086
1843;3086
1057;3086
1536;3087
188;3087
1537;3088
1353;3088
889;3088
1537;3089
857;3089
1546;3089
1538;3090
1539;3091
70;3091
1540;3092
979;3092
1298;3092
1541;3093
1385;3093
844;3093
1541;3094
1423;3094
158;3094
1542;3095
1377;3095
1543;3096
1083;3096
1543;3097
1035;3097
84;3097
1543;3098
1675;3098
1544;3099
1484;3099
44;3099
1544;3100
1544;3101
1545;3102
1385;3102
1545;3103
1389;3103
1573;3103
1545;3104
1546;3105
196;3105
773;3105
1546;3106
1546;3107
87;3107
1547;3108
955;3108
1051;3108
1547;3109
971;3109
1548;3110
1548;3111
449;3111
1548;3112
714;3112
1947;3112
1549;3113
1549;3114
1549;3115
1550;3116
1846;3116
1550;3117
1474;3117
1550;3118
372;3118
1374;3118
1551;3119
64;3119
1551;3120
992;3120
1551;3121
1575;3121
1552;3122
620;3122
1553;3123
1554;3124
1554;3125
1095;3125
1554;3126
1555;3127
331;3127
1555;3128
761;3128
1188;3128
1555;3129
1556;3130
531;3130
1556;3131
1556;3132
1557;3133
1794;3133
150;3133
1557;3134
736;3134
1557;3135
899;3135
1895;3135
1558;3136
1558;3137
1559;3138
1559;3139
1786;3139
1560;3140
527;3140
548;3140
1560;3141
270;3141
1561;3142
1374;3142
1642;3142
1561;3143
1212;3143
1353;3143
1561;3144
1562;3145
1562;3146
1563;3147
1381;3147
1563;3148
1563;3149
1569;3149
560;3149
1564;3150
690;3150
1752;3150
1564;3151
924;3151
1844;3151
1564;3152
1565;3153
1566;3154
281;3154
1566;3155
1726;3155
565;3155
1566;3156
1755;3156
1625;3156
1567;3157
1568;3158
498;3158
59;3158
1568;3159
1726;3159
1568;3160
1569;3161
533;3161
1569;3162
1569;3163
1131;3163
1570;3164
653;3164
1570;3165
99;3165
1571;3166
1205;3166
1890;3166
1571;3167
651;3167
404;3167
1571;3168
12;3168
1572;3169
1572;3170
1573;3171
735;3171
1630;3171
1574;3172
817;3172
1574;3173
1458;3173
1574;3174
1575;3175
1575;3176
1146;3176
1576;3177
1576;3178
1577;3179
135;3179
848;3179
1578;3180
1185;3180
1579;3181
1399;3181
1338;3181
1580;3182
1581;3183
1574;3183
1581;3184
890;3184
1448;3184
1581;3185
302;3185
671;3185
1582;3186
1173;3186
1583;3187
1806;3187
261;3187
1583;3188
1575;3188
1583;3189
1647;3189
685;3189
1584;3190
1584;3191
1532;3191
1584;3192
1908;3192
1585;3193
1586;3194
1586;3195
360;3195
1586;3196
1744;3196
177;3196
1587;3197
413;3197
102;3197
1587;3198
1052;3198
1446;3198
1587;3199
113;3199
853;3199
1588;3200
1588;3201
1991;3201
1727;3201
1588;3202
1589;3203
836;3203
1782;3203
1590;3204
1590;3205
1324;3205
1591;3206
1591;3207
898;3207
1592;3208
1593;3208
1593;3209
1658;3209
1593;3210
1612;3210
1593;3211
1027;3211
1594;3212
919;3212
1595;3213
1347;3213
1080;3213
1596;3214
26;3214
894;3214
1597;3215
1598;3216
388;3216
1598;3217
1415;3217
313;3217
1598;3218
1801;3218
239;3218
1599;3219
663;3219
1051;3219
1599;3220
1600;3221
1018;3221
921;3221
1600;3222
1601;3223
1573;3223
1601;3224
1601;3225
1602;3226
1779;3226
1602;3227
967;3227
267;3227
1602;3228
1603;3229
799;3229
1603;3230
1603;3231
414;3231
1604;3232
747;3232
1604;3233
1887;3233
1996;3233
1605;3234
18;3234
1469;3234
1605;3235
1987;3235
390;3235
1605;3236
1478;3236
1427;3236
1606;3237
317;3237
1351;3237
1606;3238
1607;3239
1607;3240
1091;3240
261;3240
1608;3241
259;3241
1252;3241
1609;3242
1610;3243
533;3243
1610;3244
1156;3244
1611;3245
1053;3245
1611;3246
224;3246
1611;3247
1581;3247
1612;3248
60;3248
1012;3248
1612;3249
1613;3250
1779;3250
1407;3250
1613;3251
217;3251
1614;3252
285;3252
554;3252
1614;3253
1132;3253
421;3253
1614;3254
1615;3255
1041;3255
1615;3256
1943;3256
1362;3256
1616;3257
1616;3258
1617;3259
1617;3260
1617;3261
747;3261
108;3261
1618;3262
550;3262
582;3262
1619;3263
1620;3264
1620;3265
161;3265
1620;3266
903;3266
1621;3267
209;3267
1621;3268
1226;3268
1780;3268
1622;3269
1193;3269
1623;3270
1118;3270
1759;3270
1623;3271
1624;3272
1624;3273
596;3273
507;3273
1624;3274
969;3274
29;3274
1625;3275
500;3275
1886;3275
1625;3276
1495;3276
1625;3277
1626;3278
1792;3278
799;3278
1626;3279
1627;3280
1688;3280
654;3280
1627;3281
1382;3281
1628;3282
63;3282
881;3282
1628;3283
91;3283
1684;3283
1628;3284
1629;3285
127;3285
483;3285
1629;3286
992;3286
1078;3286
1630;3287
905;3287
1632;3287
1630;3288
1631;3289
1632;3290
1632;3291
1658;3291
1632;3292
1325;3292
1633;3293
324;3293
1633;3294
367;3294
1634;3295
881;3295
1634;3296
357;3296
1634;3297
1040;3297
1635;3298
1532;3298
1635;3299
114;3299
1525;3299
1635;3300
333;3300
735;3300
1636;3301
1295;3301
1636;3302
1636;3303
670;3303
1637;3304
83;3304
1637;3305
700;3305
264;3305
1638;3306
1948;3306
1638;3307
8;3307
1638;3308
269;3308
1165;3308
1639;3309
750;3309
825;3309
1639;3310
1048;3310
1250;3310
1640;3311
1165;3311
1641;3312
988;3312
383;3312
1641;3313
1625;3313
1642;3314
1694;3314
1535;3314
1643;3315
595;3315
1644;3316
1644;3317
1645;3318
378;3318
1646;3319
145;3319
722;3319
1646;3320
758;3320
1501;3320
1646;3321
860;3321
151;3321
1647;3322
1508;3322
1648;3323
1555;3323
1648;3324
194;3324
1918;3324
1649;3325
1898;3325
1649;3326
1002;3326
1531;3326
1650;3327
1651;3328
1651;3329
1652;3330
1513;3330
1670;3330
1653;3331
1654;3332
799;3332
1654;3333
1654;3334
720;3334
985;3334
1655;3335
1655;3336
1340;3336
1655;3337
1744;3337
1656;3338
1152;3338
97;3338
1657;3339
622;3339
1914;3339
1657;3340
1904;3340
1658;3341
503;3341
1787;3341
1659;3342
972;3342
1659;3343
1659;3344
98;3344
478;3344
1660;3345
431;3345
1729;3345
1660;3346
1661;3347
1428;3347
1310;3347
1662;3348
1714;3348
1662;3349
673;3349
1402;3349
1663;3350
1404;3350
1664;3351
1384;3351
1664;3352
381;3352
1964;3352
1664;3353
743;3353
1969;3353
1665;3354
1933;3354
868;3354
1665;3355
1665;3356
1150;3356
1666;3357
761;3357
1846;3357
1666;3358
1667;3359
1668;3360
1669;3361
628;3361
1565;3361
1669;3362
1109;3362
1670;3363
1575;3363
1670;3364
1775;3364
424;3364
1671;3365
1968;3365
1671;3366
1158;3366
1671;3367
3;3367
1653;3367
1672;3368
1672;3369
1673;3370
983;3370
1673;3371
1855;3371
1127;3371
1674;3372
1674;3373
752;3373
1675;3374
1024;3374
1443;3374
1675;3375
1676;3376
1676;3377
851;3377
1676;3378
449;3378
1899;3378
1677;3379
853;3379
1677;3380
1347;3380
201;3380
1678;3381
27;3381
1802;3381
1679;3382
230;3382
846;3382
1679;3383
575;3383
1679;3384
376;3384
1852;3384
1680;3385
294;3385
1680;3386
1681;3387
1078;3387
711;3387
1681;3388
697;3388
548;3388
1682;3389
1683;3390
905;3390
1683;3391
665;3391
1201;3391
1683;3392
1684;3393
83;3393
495;3393
1684;3394
1789;3394
1685;3395
1269;3395
591;3395
1685;3396
1685;3397
1547;3397
1895;3397
1686;3398
832;3398
1378;3398
1686;3399
1719;3399
1687;3400
467;3400
1606;3400
1687;3401
1687;3402
514;3402
566;3402
1688;3403
1925;3403
98;3403
1688;3404
638;3404
574;3404
1688;3405
1689;3406
1689;3407
1699;3407
13;3407
1690;3408
1691;3409
653;3409
1691;3410
1691;3411
1692;3412
1692;3413
1692;3414
812;3414
1693;3415
1559;3415
1693;3416
1509;3416
1637;3416
1693;3417
1996;3417
1694;3418
1695;3419
1657;3419
1695;3420
573;3420
1695;3421
1696;3422
1661;3422
1806;3422
1696;3423
526;3423
1097;3423
1696;3424
1697;3425
1697;3426
28;3426
1163;3426
1698;3427
1699;3428
62;3428
1530;3428
1700;3429
1700;3430
1701;3431
1072;3431
1701;3432
1319;3432
1702;3433
1702;3434
798;3434
1702;3435
237;3435
1276;3435
1703;3436
1270;3436
519;3436
1703;3437
509;3437
865;3437
1703;3438
1106;3438
1878;3438
1704;3439
638;3439
1705;3440
1706;3441
993;3441
1706;3442
1751;3442
1706;3443
1707;3444
1707;3445
1707;3446
1708;3447
1893;3447
903;3447
1708;3448
1757;3448
1708;3449
634;3449
1709;3450
1908;3450
1870;3450
1709;3451
174;3451
1710;3452
1956;3452
1681;3452
1710;3453
579;3453
1710;3454
928;3454
1711;3455
992;3455
627;3455
1711;3456
1511;3456
1712;3457
1712;3458
1383;3458
712;3458
1712;3459
582;3459
1713;3460
1714;3461
508;3461
359;3461
1715;3462
1715;3463
693;3463
1083;3463
1715;3464
1174;3464
1408;3464
1716;3465
201;3465
1716;3466
827;3466
812;3466
1716;3467
515;3467
1717;3468
696;3468
1717;3469
1173;3469
32;3469
1717;3470
635;3470
1718;3471
1022;3471
1719;3472
359;3472
1719;3473
1720;3474
1720;3475
1720;3476
1721;3477
826;3477
1721;3478
795;3478
1721;3479
1722;3480
1723;3481
1723;3482
1782;3482
252;3482
1724;3483
1168;3483
1724;3484
558;3484
245;3484
1725;3485
529;3485
1725;3486
1783;3486
800;3486
1726;3487
512;3487
241;3487
1727;3488
1642;3488
1727;3489
1153;3489
1412;3489
1728;3490
1728;3491
1729;3492
1355;3492
1729;3493
1581;3493
870;3493
1730;3494
1609;3494
1380;3494
1730;3495
393;3495
1730;3496
1731;3497
1731;3498
284;3498
1731;3499
1732;3500
1733;3501
777;3501
1881;3501
1733;3502
1733;3503
1734;3504
1734;3505
270;3505
1652;3505
1734;3506
814;3506
736;3506
1735;3507
1369;3507
1735;3508
1735;3509
346;3509
1052;3509
1736;3510
1904;3510
1736;3511
1208;3511
1914;3511
1737;3512
1737;3513
1569;3513
1747;3513
1737;3514
1738;3515
1850;3515
842;3515
1738;3516
1739;3517
1739;3518
1740;3519
1740;3520
1740;3521
1420;3521
1741;3522
170;3522
1742;3523
1448;3523
1743;3524
1744;3525
882;3525
170;3525
1744;3526
1745;3527
1504;3527
1746;3528
1746;3529
778;3529
959;3529
1747;3530
503;3530
389;3530
1747;3531
657;3531
1509;3531
1747;3532
704;3532
1748;3533
1909;3533
1697;3533
1748;3534
87;3534
1748;3535
1749;3536
56;3536
743;3536
1749;3537
386;3537
1750;3538
250;3538
782;3538
1750;3539
376;3539
1750;3540
693;3540
1751;3541
1762;3541
1751;3542
1532;3542
1751;3543
1752;3544
1601;3544
1474;3544
1752;3545
1894;3545
1753;3546
981;3546
23;3546
1753;3547
971;3547
1753;3548
801;3548
1003;3548
1754;3549
1545;3549
1754;3550
924;3550
1755;3551
299;3551
178;3551
1755;3552
988;3552
1188;3552
1756;3553
1756;3554
394;3554
1756;3555
1757;3556
1422;3556
458;3556
1758;3557
537;3557
1758;3558
1565;3558
1759;3559
1081;3559
1759;3560
1759;3561
249;3561
718;3561
1760;3562
1760;3563
1595;3563
818;3563
1761;3564
1122;3564
377;3564
1762;3565
1481;3565
1937;3565
1762;3566
1763;3567
1021;3567
895;3567
1763;3568
1351;3568
1764;3569
1764;3570
348;3570
1764;3571
258;3571
613;3571
1765;3572
447;3572
1765;3573
358;3573
1381;3573
1765;3574
1090;3574
1981;3574
1766;3575
1766;3576
1767;3577
1768;3578
1678;3578
1768;3579
345;3579
1769;3580
89;3580
1850;3580
1770;3581
1770;3582
1534;3582
1694;3582
1771;3583
1319;3583
1772;3584
1772;3585
1772;3586
1882;3586
1773;3587
610;3587
1773;3588
1773;3589
870;3589
1774;3590
1891;3590
1774;3591
926;3591
797;3591
1775;3592
292;3592
242;3592
1775;3593
980;3593
1423;3593
1776;3594
1776;3595
1777;3596
1374;3596
1778;3597
263;3597
1779;3598
1822;3598
1780;3599
1780;3600
1781;3601
5;3601
1781;3602
1781;3603
1630;3603
1901;3603
1782;3604
198;3604
1602;3604
1783;3605
1784;3606
78;3606
159;3606
1784;3607
1363;3607
1381;3607
1785;3608
1785;3609
567;3609
1786;3610
1859;3610
1786;3611
425;3611
314;3611
1787;3612
609;3612
994;3612
1787;3613
279;3613
1400;3613
1788;3614
1789;3615
1329;3615
1577;3615
1789;3616
1117;3616
1789;3617
1886;3617
1790;3618
122;3618
879;3618
1790;3619
941;3619
1791;3620
1791;3621
1475;3621
1095;3621
1791;3622
1381;3622
1792;3623
242;3623
1927;3623
1792;3624
828;3624
1443;3624
1792;3625
280;3625
184;3625
1793;3626
1208;3626
1238;3626
1793;3627
886;3627
711;3627
1794;3628
187;3628
1795;3629
1795;3630
1796;3631
619;3631
1796;3632
1971;3632
1797;3633
55;3633
1214;3633
1797;3634
1265;3634
722;3634
1797;3635
1009;3635
1798;3636
1799;3637
1800;3638
1242;3638
1801;3639
35;3639
43;3639
1801;3640
1355;3640
241;3640
1802;3641
1995;3641
407;3641
1803;3642
1804;3643
1266;3643
923;3643
1805;3644
213;3644
582;3644
1805;3645
1805;3646
1371;3646
1806;3647
337;3647
299;3647
1807;3648
1697;3648
1808;3649
1808;3650
1807;3650
1808;3651
671;3651
1809;3652
812;3652
1809;3653
1810;3654
227;3654
1811;3655
1462;3655
1811;3656
1461;3656
27;3656
1812;3657
1243;3657
1094;3657
1812;3658
1813;3659
1813;3660
207;3660
260;3660
1813;3661
1814;3662
319;3662
1814;3663
1448;3663
1801;3663
1815;3664
1816;3665
1816;3666
1408;3666
14;3666
1817;3667
1818;3668
84;3668
1818;3669
429;3669
1818;3670
1827;3670
1819;3671
1819;3672
1819;3673
442;3673
1820;3674
1820;3675
1821;3676
702;3676
593;3676
1821;3677
1147;3677
1822;3678
169;3678
1822;3679
1822;3680
219;3680
1823;3681
1931;3681
974;3681
1823;3682
672;3682
1823;3683
1061;3683
208;3683
1824;3684
392;3684
1825;3685
1825;3686
1825;3687
1301;3687
1826;3688
1827;3689
1655;3689
326;3689
1828;3690
699;3690
1748;3690
1829;3691
1829;3692
526;3692
1830;3693
1830;3694
1830;3695
1831;3696
808;3696
53;3696
1831;3697
717;3697
214;3697
1831;3698
1932;3698
1832;3699
194;3699
1832;3700
269;3700
100;3700
1833;3701
1833;3702
1834;3703
1834;3704
615;3704
1834;3705
1871;3705
1835;3706
773;3706
1835;3707
620;3707
1836;3708
1201;3708
1837;3709
1333;3709
1837;3710
1838;3711
849;3711
1451;3711
1838;3712
1839;3713
1839;3714
1626;3714
939;3714
1839;3715
1169;3715
1840;3716
1840;3717
1840;3718
550;3718
1726;3718
1841;3719
1842;3720
1843;3721
1844;3722
708;3722
1165;3722
1844;3723
1281;3723
845;3723
1844;3724
1194;3724
1845;3725
242;3725
1455;3725
1845;3726
1845;3727
1846;3728
1846;3729
1396;3729
1846;3730
551;3730
1847;3731
1551;3731
1833;3731
1847;3732
1847;3733
1848;3734
1848;3735
35;3735
1849;3736
1732;3736
1849;3737
1604;3737
1850;3738
664;3738
1211;3738
1850;3739
1851;3740
1851;3741
1852;3742
1853;3743
1853;3744
801;3744
954;3744
1854;3745
1369;3745
975;3745
1854;3746
1520;3746
1854;3747
1448;3747
1855;3748
1856;3749
1186;3749
1856;3750
1407;3750
1857;3751
1627;3751
1857;3752
1046;3752
1858;3753
1858;3754
116;3754
1096;3754
1859;3755
884;3755
241;3755
1860;3756
1742;3756
1613;3756
1860;3757
1861;3758
87;3758
75;3758
1862;3759
999;3759
1862;3760
1328;3760
1862;3761
1863;3762
28;3762
1427;3762
1863;3763
660;3763
1863;3764
1033;3764
1864;3765
1235;3765
325;3765
1864;3766
889;3766
1893;3766
1865;3767
1866;3768
1866;3769
1866;3770
710;3770
1867;3771
1867;3772
1619;3772
866;3772
1867;3773
615;3773
586;3773
1868;3774
699;3774
838;3774
1868;3775
166;3775
1869;3776
421;3776
1869;3777
662;3777
456;3777
1869;3778
908;3778
1870;3779
1870;3780
1087;3780
1870;3781
293;3781
1871;3782
1872;3783
1872;3784
1873;3785
535;3785
1873;3786
1873;3787
223;3787
1874;3788
1875;3789
1876;3790
1572;3790
1876;3791
1876;3792
1877;3793
1984;3793
1112;3793
1877;3794
950;3794
1878;3795
846;3795
330;3795
1879;3796
1145;3796
1879;3797
259;3797
1879;3798
1211;3798
1880;3799
379;3799
1881;3800
1260;3800
479;3800
1881;3801
772;3801
1881;3802
577;3802
1882;3803
1882;3804
1883;3805
1624;3805
1372;3805
1883;3806
1884;3807
445;3807
1409;3807
1884;3808
1885;3809
1885;3810
1802;3810
1283;3810
1886;3811
21;3811
1500;3811
1886;3812
83;3812
1887;3813
1067;3813
1711;3813
1887;3814
1422;3814
1888;3815
1888;3816
568;3816
960;3816
1888;3817
196;3817
542;3817
1889;3818
486;3818
384;3818
1890;3819
1514;3819
1008;3819
1890;3820
1891;3821
280;3821
1891;3822
541;3822
530;3822
1891;3823
1973;3823
353;3823
1892;3824
1094;3824
693;3824
1892;3825
1892;3826
295;3826
1893;3827
1893;3828
696;3828
881;3828
1894;3829
1894;3830
1810;3830
1981;3830
1894;3831
1895;3832
106;3832
1895;3833
1895;3834
414;3834
1896;3835
1896;3836
1980;3836
1897;3837
1898;3838
664;3838
755;3838
1898;3839
1899;3840
233;3840
1635;3840
1900;3841
787;3841
111;3841
1900;3842
1901;3843
850;3843
1902;3844
1581;3844
1077;3844
1902;3845
1902;3846
1650;3846
579;3846
1903;3847
1904;3848
658;3848
297;3848
1904;3849
71;3849
1636;3849
1905;3850
750;3850
1803;3850
1905;3851
1607;3851
1906;3852
364;3852
83;3852
1906;3853
1676;3853
1906;3854
1598;3854
1085;3854
1907;3855
1502;3855
271;3855
1907;3856
1376;3856
1391;3856
1907;3857
1635;3857
749;3857
1908;3858
1908;3859
314;3859
461;3859
1909;3860
285;3860
1910;3861
1910;3862
1399;3862
1910;3863
1608;3863
1911;3864
1691;3864
1912;3865
1913;3866
153;3866
1913;3867
1297;3867
1962;3867
1914;3868
447;3868
932;3868
1914;3869
1915;3870
494;3870
1794;3870
1915;3871
390;3871
1370;3871
1915;3872
1810;3872
1916;3873
1295;3873
1917;3874
1917;3875
640;3875
1917;3876
671;3876
1918;3877
161;3877
1901;3877
1919;3878
229;3878
1358;3878
1919;3879
1920;3880
1313;3880
895;3880
1920;3881
1921;3882
1448;3882
1922;3883
1205;3883
1922;3884
1922;3885
1923;3886
1923;3887
1923;3888
1924;3889
832;3889
1440;3889
1924;3890
1242;3890
272;3890
1925;3891
1925;3892
683;3892
1860;3892
1925;3893
1926;3894
883;3894
893;3894
1926;3895
1927;3896
1928;3897
1928;3898
1483;3898
366;3898
1928;3899
1883;3899
1929;3900
1096;3900
1930;3901
1930;3902
970;3902
140;3902
1931;3903
1931;3904
732;3904
1931;3905
361;3905
1932;3906
1012;3906
1932;3907
102;3907
144;3907
1933;3908
850;3908
971;3908
1933;3909
1902;3909
1934;3910
1139;3910
368;3910
1934;3911
1060;3911
696;3911
1934;3912
1350;3912
1172;3912
1935;3913
1935;3914
1935;3915
1112;3915
132;3915
1936;3916
1176;3916
382;3916
1937;3917
347;3917
1937;3918
178;3918
1356;3918
1938;3919
39;3919
1939;3920
1183;3920
318;3920
1939;3921
329;3921
738;3921
1940;3922
1940;3923
1569;3923
1940;3924
1941;3925
1068;3925
1942;3926
1138;3926
1942;3927
1418;3927
1617;3927
1943;3928
697;3928
1979;3928
1943;3929
1943;3930
1591;3930
1721;3930
1944;3931
1856;3931
549;3931
1944;3932
1945;3933
1945;3934
885;3934
1969;3934
1946;3935
855;3935
1947;3936
102;3936
391;3936
1948;3937
1948;3938
1227;3938
1949;3939
1949;3940
143;3940
1949;3941
1343;3941
900;3941
1950;3942
597;3942
1951;3943
1049;3943
1722;3943
1951;3944
1231;3944
1952;3945
38;3945
1953;3946
1489;3946
1953;3947
792;3947
579;3947
1953;3948
880;3948
939;3948
1954;3949
1865;3949
1954;3950
1455;3950
1523;3950
1955;3951
1452;3951
1956;3952
1950;3952
1956;3953
208;3953
1957;3954
508;3954
1707;3954
1957;3955
1957;3956
1730;3956
1638;3956
1958;3957
1959;3958
1959;3959
1039;3959
1960;3960
1084;3960
1938;3960
1960;3961
1961;3962
1061;3962
685;3962
1961;3963
1962;3964
1963;3965
626;3965
1963;3966
1963;3967
1964;3968
946;3968
591;3968
1964;3969
1707;3969
1234;3969
1964;3970
1230;3970
812;3970
1965;3971
1966;3972
990;3972
1967;3973
1389;3973
1967;3974
1967;3975
1560;3975
1506;3975
1968;3976
1738;3976
1968;3977
1177;3977
1136;3977
1969;3978
980;3978
338;3978
1970;3979
1871;3979
1883;3979
1970;3980
1971;3981
1972;3982
1973;3983
886;3983
1221;3983
1974;3984
1975;3985
1975;3986
988;3986
1600;3986
1976;3987
1021;3987
458;3987
1977;3988
1977;3989
1978;3990
1085;3990
1375;3990
1978;3991
1978;3992
1979;3993
961;3993
1428;3993
1979;3994
1980;3995
201;3995
1980;3996
753;3996
1980;3997
1820;3997
1409;3997
1981;3998
1539;3998
1982;3999
348;3999
937;3999
1982;4000
1982;4001
81;4001
1983;4002
1969;4002
1983;4003
115;4003
1983;4004
887;4004
1552;4004
1984;4005
1294;4005
1984;4006
1984;4007
723;4007
363;4007
1985;4008
317;4008
1986;4009
1840;4009
612;4009
1986;4010
29;4010
1987;4011
760;4011
1501;4011
1987;4012
1988;4013
1365;4013
657;4013
1988;4014
1120;4014
1402;4014
1988;4015
1989;4016
1093;4016
131;4016
1989;4017
1396;4017
1990;4018
1573;4018
1612;4018
1991;4019
1846;4019
1992;4020
996;4020
1992;4021
1993;4022
909;4022
1689;4022
1993;4023
317;4023
1994;4024
669;4024
1775;4024
1994;4025
759;4025
1995;4026
936;4026
1995;4027
1874;4027
1411;4027
1995;4028
379;4028
161;4028
1996;4029
660;4029
19;4029
1996;4030
1881;4030
1996;4031
463;4031
1292;4031
1997;4032
760;4032
74;4032
1997;4033
1998;4034
322;4034
344;4034
1998;4035
1646;4035
1998;4036
891;4036
1999;4037
511;4037
1999;4038
1718;4038
1999;4039
1643;4039
1538;4039
2000;4040
399;4040
2000;4041
886;4041
1234;4041
