id_transakcji;kwota;data_transakcji;id_klienta;id_wycieczki
1;2070.0;2023-09-10;1655;1
2;1725.0;2023-09-04;2333;1
3;1150.0;2023-09-10;804;1
4;1495.0;2023-09-11;696;1
5;1495.0;2023-09-07;418;1
6;1725.0;2023-09-11;3272;1
7;1955.0;2023-09-15;1156;1
8;1150.0;2023-09-22;2378;1
9;1955.0;2023-09-03;2912;1
10;1725.0;2023-09-04;3813;1
11;1725.0;2023-09-14;2042;1
12;2300.0;2023-09-05;3011;1
13;2300.0;2023-09-15;1866;1
14;2070.0;2023-09-08;1012;1
15;1150.0;2023-09-02;1511;1
16;1955.0;2023-09-19;3090;1
17;1150.0;2023-09-03;2702;1
18;2070.0;2023-09-09;1654;1
19;1955.0;2023-09-15;3061;1
20;1127.0;2023-09-14;3303;1
21;1955.0;2023-09-11;889;1
22;1150.0;2023-09-07;866;1
23;1150.0;2023-09-06;156;1
24;1955.0;2023-09-16;815;1
25;1495.0;2023-09-18;2380;1
26;1495.0;2023-09-23;2661;1
27;1150.0;2023-09-13;1641;1
28;1725.0;2023-09-11;2669;1
29;1150.0;2023-09-11;419;1
30;1495.0;2023-09-02;3329;1
31;1150.0;2023-09-16;1837;1
32;1150.0;2023-09-06;2651;1
33;1150.0;2023-09-21;2358;1
34;1955.0;2023-09-11;3447;1
35;1725.0;2023-09-20;2701;1
36;2300.0;2023-09-12;298;1
37;1495.0;2023-09-07;1769;1
38;1127.0;2023-09-23;2967;1
39;1495.0;2023-09-01;1678;1
40;1150.0;2023-09-15;1596;1
41;1955.0;2023-09-12;3784;1
42;1150.0;2023-09-20;825;1
43;2300.0;2023-09-16;3017;1
44;1150.0;2023-09-15;1147;1
45;2300.0;2023-09-16;165;1
46;1725.0;2023-09-17;3836;1
47;1150.0;2023-09-06;1374;1
48;1127.0;2023-09-06;3242;1
49;1200.0;2024-09-04;492;2
50;1200.0;2024-09-12;2731;2
51;2040.0;2024-09-23;3175;2
52;1176.0;2024-09-06;667;2
53;2160.0;2024-09-20;659;2
54;1200.0;2024-09-07;3122;2
55;1560.0;2024-09-20;3068;2
56;2400.0;2024-09-01;1529;2
57;1200.0;2024-09-16;3719;2
58;1560.0;2024-09-14;991;2
59;2160.0;2024-09-08;1198;2
60;1176.0;2024-08-31;1931;2
61;1200.0;2024-09-13;324;2
62;1200.0;2024-09-08;2084;2
63;1176.0;2024-09-08;2853;2
64;1200.0;2024-09-07;3209;2
65;2040.0;2024-09-08;3379;2
66;2040.0;2024-09-13;76;2
67;1800.0;2024-09-12;3497;2
68;2400.0;2024-09-09;3361;2
69;1560.0;2024-09-21;555;2
70;1800.0;2024-09-04;365;2
71;1200.0;2024-09-07;3067;2
72;1176.0;2024-09-17;1690;2
73;2400.0;2024-09-12;2650;2
74;1560.0;2024-09-01;33;2
75;1200.0;2024-09-22;1991;2
76;2400.0;2024-09-04;1487;2
77;1200.0;2024-09-21;2206;2
78;2400.0;2024-09-04;2673;2
79;1200.0;2023-09-07;3655;3
80;1200.0;2023-09-07;2636;3
81;1200.0;2023-09-10;1160;3
82;1800.0;2023-09-04;2446;3
83;1176.0;2023-09-13;1595;3
84;2160.0;2023-09-17;395;3
85;1200.0;2023-09-07;3561;3
86;1200.0;2023-09-21;3809;3
87;1200.0;2023-09-01;3024;3
88;2160.0;2023-09-01;208;3
89;1800.0;2023-09-06;27;3
90;1800.0;2023-09-07;297;3
91;1800.0;2023-08-31;925;3
92;2040.0;2023-09-17;1815;3
93;2040.0;2023-09-09;3056;3
94;1560.0;2023-09-17;1753;3
95;2040.0;2023-09-06;3597;3
96;1560.0;2023-09-18;1144;3
97;1200.0;2023-09-05;1272;3
98;1800.0;2023-09-03;180;3
99;1200.0;2023-09-08;2347;3
100;1200.0;2023-08-31;213;3
101;2160.0;2023-08-31;1201;3
102;1800.0;2023-09-16;3474;3
103;1176.0;2023-09-03;3304;3
104;1200.0;2023-09-15;636;3
105;1560.0;2023-09-16;1714;3
106;1200.0;2023-09-23;1061;3
107;1200.0;2023-09-19;2531;3
108;1560.0;2023-09-20;1246;3
109;1176.0;2023-09-12;143;3
110;1235.0;2024-09-16;177;4
111;950.0;2024-09-12;1422;4
112;1235.0;2024-09-20;941;4
113;950.0;2024-09-12;3642;4
114;950.0;2024-09-20;2981;4
115;1425.0;2024-09-03;2097;4
116;1710.0;2024-09-12;359;4
117;950.0;2024-09-02;3495;4
118;1900.0;2024-09-14;263;4
119;1900.0;2024-09-05;653;4
120;1900.0;2024-09-13;1692;4
121;1235.0;2024-09-07;1948;4
122;1710.0;2024-09-19;2216;4
123;1235.0;2024-09-12;2327;4
124;931.0;2024-09-14;3718;4
125;1425.0;2024-09-14;3811;4
126;1425.0;2024-09-20;1565;4
127;931.0;2024-09-23;2615;4
128;1235.0;2024-09-12;2745;4
129;950.0;2024-09-10;1828;4
130;1235.0;2024-09-12;2295;4
131;950.0;2024-09-22;3655;4
132;950.0;2024-09-07;2903;4
133;1235.0;2024-09-01;3661;4
134;1235.0;2024-09-06;1423;4
135;950.0;2024-09-06;494;4
136;950.0;2024-09-19;2610;4
137;1710.0;2024-09-22;702;4
138;950.0;2024-09-05;1744;4
139;1710.0;2024-09-06;3579;4
140;1235.0;2024-09-03;3266;4
141;931.0;2024-09-09;2993;4
142;1235.0;2024-09-22;2781;4
143;1710.0;2024-08-31;3322;4
144;931.0;2024-09-06;2370;4
145;1615.0;2024-09-08;2250;4
146;1425.0;2024-09-16;1755;4
147;1615.0;2024-08-31;3311;4
148;1710.0;2024-09-05;1938;4
149;1615.0;2024-09-07;3247;4
150;950.0;2024-09-15;3371;4
151;1710.0;2024-09-16;1260;4
152;1615.0;2024-09-01;1568;4
153;950.0;2024-09-22;2221;4
154;1235.0;2024-09-07;1584;4
155;1710.0;2024-09-20;3259;4
156;1710.0;2024-09-03;1307;4
157;950.0;2024-09-14;2109;4
158;950.0;2024-09-07;2347;4
159;931.0;2024-09-05;1931;4
160;1235.0;2024-09-07;3279;4
161;1425.0;2024-09-12;2274;4
162;1710.0;2024-09-08;3283;4
163;1615.0;2024-09-23;1430;4
164;950.0;2024-09-02;3773;4
165;1235.0;2024-08-31;1769;4
166;950.0;2024-09-17;3330;4
167;1425.0;2024-09-16;1293;4
168;950.0;2024-09-13;3295;4
169;950.0;2024-09-02;3384;4
170;950.0;2024-09-03;24;4
171;1425.0;2024-09-15;1340;4
172;1425.0;2024-09-21;3393;4
173;950.0;2024-09-04;2205;4
174;931.0;2024-09-21;20;4
175;1615.0;2024-09-13;370;4
176;950.0;2024-09-11;1468;4
177;1235.0;2024-09-13;2225;4
178;950.0;2024-09-10;3728;4
179;950.0;2024-09-05;1677;4
180;1200.0;2023-06-10;1928;5
181;2400.0;2023-06-22;3264;5
182;1200.0;2023-06-16;2775;5
183;1200.0;2023-06-09;929;5
184;1176.0;2023-06-08;1382;5
185;2040.0;2023-06-02;1352;5
186;2040.0;2023-06-03;2515;5
187;1200.0;2023-06-04;2594;5
188;1200.0;2023-05-31;2792;5
189;2040.0;2023-06-01;3605;5
190;2160.0;2023-05-31;2036;5
191;1800.0;2023-06-08;1667;5
192;2040.0;2023-06-03;785;5
193;1800.0;2023-06-07;3500;5
194;2040.0;2023-06-14;3687;5
195;1200.0;2023-06-10;1574;5
196;2160.0;2023-06-02;3180;5
197;2040.0;2023-06-23;1818;5
198;2040.0;2023-06-07;2668;5
199;1200.0;2023-06-03;2513;5
200;1800.0;2023-05-31;2533;5
201;1800.0;2023-06-14;2597;5
202;2040.0;2023-06-10;2883;5
203;1200.0;2023-06-06;2062;5
204;1200.0;2023-06-05;3733;5
205;1176.0;2023-06-08;2052;5
206;1200.0;2023-06-22;1649;5
207;2040.0;2023-06-14;152;5
208;1200.0;2023-06-10;147;5
209;2040.0;2023-06-13;301;5
210;2160.0;2023-06-18;1575;5
211;1200.0;2023-06-16;2793;5
212;1800.0;2023-06-22;769;5
213;2160.0;2023-06-22;2273;5
214;1560.0;2023-06-08;3080;5
215;1560.0;2023-06-09;588;5
216;1800.0;2023-06-10;1484;5
217;150.0;2024-06-02;2865;6
218;147.0;2024-06-04;3815;6
219;255.0;2024-06-07;2508;6
220;270.0;2024-06-19;2415;6
221;195.0;2024-06-15;177;6
222;150.0;2024-06-12;3067;6
223;195.0;2024-06-15;3663;6
224;225.0;2024-06-07;3095;6
225;225.0;2024-06-12;2340;6
226;270.0;2024-05-31;3381;6
227;255.0;2024-06-13;1737;6
228;150.0;2024-06-20;1387;6
229;150.0;2024-06-01;274;6
230;150.0;2024-06-08;2601;6
231;150.0;2024-06-03;1375;6
232;147.0;2024-06-23;136;6
233;270.0;2024-06-04;2530;6
234;225.0;2024-06-22;1681;6
235;150.0;2024-06-11;3093;6
236;195.0;2024-06-22;82;6
237;150.0;2024-06-08;1880;6
238;270.0;2024-06-07;1870;6
239;150.0;2024-06-17;3468;6
240;225.0;2024-06-20;2270;6
241;147.0;2024-06-18;2691;6
242;225.0;2024-06-20;144;6
243;255.0;2024-06-13;1358;6
244;195.0;2024-06-21;1206;6
245;255.0;2024-06-01;2754;6
246;765.0;2023-06-12;3701;7
247;765.0;2023-06-18;1060;7
248;450.0;2023-06-14;2003;7
249;450.0;2023-06-22;782;7
250;900.0;2023-06-09;568;7
251;675.0;2023-06-16;249;7
252;675.0;2023-06-22;2612;7
253;675.0;2023-06-20;3391;7
254;810.0;2023-06-18;2096;7
255;765.0;2023-06-08;1114;7
256;450.0;2023-06-17;2879;7
257;810.0;2023-06-14;2832;7
258;441.0;2023-06-18;143;7
259;441.0;2023-06-13;3133;7
260;675.0;2023-06-12;3743;7
261;450.0;2023-06-22;2142;7
262;450.0;2023-06-08;1384;7
263;765.0;2023-06-04;2983;7
264;441.0;2023-06-09;77;7
265;585.0;2023-06-12;1703;7
266;450.0;2023-06-12;223;7
267;810.0;2023-06-10;734;7
268;810.0;2023-05-31;37;7
269;441.0;2023-06-18;2827;7
270;675.0;2023-06-17;2682;7
271;900.0;2023-06-09;2386;7
272;765.0;2023-06-15;1381;7
273;450.0;2023-06-20;3158;7
274;441.0;2023-06-08;1756;7
275;450.0;2023-06-15;199;7
276;450.0;2023-06-15;801;7
277;585.0;2023-06-11;2173;7
278;450.0;2023-06-04;3236;7
279;765.0;2023-06-20;1258;7
280;450.0;2023-06-14;1652;7
281;450.0;2023-06-09;1677;7
282;675.0;2023-06-14;2475;7
283;900.0;2023-06-02;371;7
284;450.0;2023-06-20;3595;7
285;675.0;2023-05-31;1021;7
286;900.0;2023-06-23;1360;7
287;585.0;2023-06-18;1462;7
288;585.0;2023-06-12;347;7
289;441.0;2023-06-01;3740;7
290;585.0;2023-06-01;292;7
291;450.0;2023-06-13;530;7
292;675.0;2023-06-03;2804;7
293;675.0;2023-06-22;2450;7
294;450.0;2023-06-01;3719;7
295;810.0;2023-06-14;2498;7
296;585.0;2023-06-13;1161;7
297;675.0;2023-06-07;3703;7
298;450.0;2023-06-03;1359;7
299;441.0;2023-06-22;2858;7
300;675.0;2023-06-08;3064;7
301;450.0;2023-06-03;2890;7
302;675.0;2023-06-23;3826;7
303;675.0;2023-06-21;1092;7
304;441.0;2023-06-09;3237;7
305;1710.0;2024-08-03;130;8
306;1425.0;2024-08-05;2716;8
307;950.0;2024-08-05;1884;8
308;1900.0;2024-08-21;3457;8
309;950.0;2024-08-16;3541;8
310;1235.0;2024-08-20;1248;8
311;1425.0;2024-08-11;74;8
312;950.0;2024-08-14;2742;8
313;1615.0;2024-08-22;699;8
314;950.0;2024-08-20;1836;8
315;950.0;2024-08-05;566;8
316;1615.0;2024-08-21;1686;8
317;1425.0;2024-08-18;1816;8
318;1235.0;2024-08-15;2238;8
319;950.0;2024-08-15;3059;8
320;931.0;2024-08-22;2631;8
321;950.0;2024-08-15;3314;8
322;950.0;2024-08-09;3622;8
323;931.0;2024-08-02;745;8
324;1425.0;2024-08-08;10;8
325;1710.0;2024-08-01;1923;8
326;950.0;2024-08-12;1388;8
327;1235.0;2024-08-10;442;8
328;1425.0;2024-08-22;2682;8
329;950.0;2024-08-02;1257;8
330;1710.0;2024-08-01;3004;8
331;950.0;2024-08-13;114;8
332;950.0;2024-08-03;1538;8
333;1710.0;2024-08-08;3378;8
334;1710.0;2024-08-04;1970;8
335;950.0;2024-08-23;912;8
336;1425.0;2024-08-09;119;8
337;1615.0;2024-08-03;779;8
338;1235.0;2024-08-17;1600;8
339;1615.0;2024-08-20;1876;8
340;1710.0;2024-08-19;677;8
341;1425.0;2024-08-13;3747;8
342;931.0;2024-08-14;2325;8
343;1900.0;2024-08-02;34;8
344;1425.0;2024-08-03;3660;8
345;1710.0;2024-08-02;2449;8
346;1425.0;2024-08-24;1247;8
347;1235.0;2024-08-09;84;8
348;1900.0;2024-08-04;1621;8
349;950.0;2024-08-13;2048;8
350;931.0;2024-08-05;1544;8
351;1235.0;2024-08-14;1899;8
352;1710.0;2024-08-10;2036;8
353;1615.0;2024-08-23;631;8
354;1900.0;2024-08-01;3407;8
355;975.0;2024-09-14;3066;9
356;750.0;2024-09-01;269;9
357;975.0;2024-09-19;507;9
358;1125.0;2024-09-19;270;9
359;750.0;2024-09-21;565;9
360;750.0;2024-09-23;608;9
361;1125.0;2024-09-16;3270;9
362;750.0;2024-09-22;2007;9
363;1500.0;2024-09-04;1478;9
364;750.0;2024-09-13;2802;9
365;750.0;2024-09-02;557;9
366;975.0;2024-09-22;1371;9
367;1350.0;2024-09-07;3333;9
368;1500.0;2024-09-19;1308;9
369;750.0;2024-09-01;1182;9
370;1500.0;2024-09-18;2382;9
371;1275.0;2024-09-18;3701;9
372;750.0;2024-09-14;3110;9
373;750.0;2024-09-23;2664;9
374;750.0;2024-09-21;1643;9
375;1350.0;2024-09-06;1720;9
376;750.0;2024-09-21;2282;9
377;975.0;2024-09-07;2697;9
378;735.0;2024-09-01;2275;9
379;1500.0;2024-09-11;2672;9
380;750.0;2024-09-09;2820;9
381;147.0;2024-06-23;3334;10
382;270.0;2024-06-12;461;10
383;150.0;2024-06-17;497;10
384;195.0;2024-06-02;1355;10
385;147.0;2024-06-01;3838;10
386;150.0;2024-06-05;3686;10
387;255.0;2024-06-18;452;10
388;255.0;2024-06-09;3269;10
389;195.0;2024-06-17;1610;10
390;195.0;2024-06-20;2873;10
391;147.0;2024-06-10;2646;10
392;270.0;2024-06-19;2112;10
393;147.0;2024-06-11;665;10
394;150.0;2024-06-14;673;10
395;255.0;2024-06-02;1140;10
396;195.0;2024-06-13;2603;10
397;195.0;2024-06-06;705;10
398;150.0;2024-06-20;554;10
399;150.0;2024-06-01;1470;10
400;150.0;2024-06-14;1063;10
401;270.0;2024-06-09;2216;10
402;225.0;2024-06-23;3147;10
403;150.0;2024-06-10;3613;10
404;195.0;2024-06-23;1467;10
405;225.0;2024-06-19;925;10
406;225.0;2024-06-17;1816;10
407;195.0;2024-06-19;3279;10
408;225.0;2024-06-19;73;10
409;255.0;2024-06-03;956;10
410;270.0;2024-06-20;918;10
411;300.0;2024-06-15;3002;10
412;195.0;2024-06-17;675;10
413;300.0;2024-06-08;502;10
414;147.0;2024-06-06;1931;10
415;150.0;2024-06-13;3187;10
416;150.0;2024-05-31;393;10
417;195.0;2024-06-01;79;10
418;270.0;2024-06-07;3731;10
419;195.0;2024-06-04;3050;10
420;300.0;2024-06-01;2606;10
421;195.0;2024-06-02;1683;10
422;300.0;2024-06-09;2787;10
423;195.0;2024-06-06;1365;10
424;195.0;2024-06-06;1297;10
425;150.0;2024-06-17;2854;10
426;150.0;2024-06-01;3431;10
427;255.0;2024-06-09;1333;10
428;150.0;2024-06-20;198;10
429;500.0;2024-07-06;935;11
430;500.0;2024-07-03;3560;11
431;500.0;2024-07-19;1836;11
432;650.0;2024-07-14;1703;11
433;490.0;2024-07-22;2054;11
434;500.0;2024-07-18;557;11
435;750.0;2024-07-21;1570;11
436;900.0;2024-07-22;1668;11
437;750.0;2024-07-23;3073;11
438;850.0;2024-07-18;1024;11
439;650.0;2024-07-20;373;11
440;850.0;2024-07-02;683;11
441;900.0;2024-07-11;414;11
442;850.0;2024-07-12;266;11
443;500.0;2024-07-07;261;11
444;500.0;2024-07-09;3114;11
445;500.0;2024-07-21;750;11
446;750.0;2024-07-20;209;11
447;500.0;2024-07-01;238;11
448;1000.0;2024-07-23;3239;11
449;500.0;2024-07-06;2618;11
450;500.0;2024-07-23;2988;11
451;850.0;2024-07-15;2815;11
452;490.0;2024-07-11;3163;11
453;490.0;2024-07-22;931;11
454;900.0;2024-07-05;3273;11
455;490.0;2024-07-19;3398;11
456;500.0;2024-07-11;1673;11
457;650.0;2024-07-22;2268;11
458;490.0;2024-07-08;674;11
459;850.0;2024-07-11;881;11
460;650.0;2024-07-10;1948;11
461;500.0;2024-07-02;1347;11
462;500.0;2024-07-14;2357;11
463;650.0;2024-07-13;772;11
464;650.0;2024-07-06;3218;11
465;490.0;2024-07-18;2691;11
466;650.0;2024-07-14;1936;11
467;850.0;2024-07-02;2140;11
468;490.0;2024-07-21;1178;11
469;500.0;2024-07-14;818;11
470;500.0;2024-07-12;2865;11
471;900.0;2024-07-05;2390;11
472;650.0;2024-07-14;360;11
473;490.0;2024-07-17;451;11
474;650.0;2024-07-02;305;11
475;500.0;2024-07-14;1726;11
476;500.0;2024-07-02;1605;11
477;750.0;2024-07-12;3393;11
478;750.0;2024-07-06;2991;11
479;900.0;2024-07-11;659;11
480;500.0;2024-07-24;2145;11
481;650.0;2024-07-20;1076;11
482;900.0;2024-07-08;3640;11
483;650.0;2024-07-17;1516;11
484;850.0;2024-07-08;3351;11
485;1000.0;2024-07-20;397;11
486;500.0;2024-07-02;2492;11
487;1000.0;2024-07-02;1478;11
488;490.0;2024-07-15;667;11
489;500.0;2024-07-15;3048;11
490;750.0;2024-07-15;297;11
491;500.0;2024-07-02;797;11
492;750.0;2024-07-23;2265;11
493;750.0;2024-07-21;1368;11
494;750.0;2024-07-10;2736;11
495;850.0;2024-07-03;1522;11
496;500.0;2024-07-19;2239;11
497;900.0;2024-07-06;1915;11
498;490.0;2024-07-18;221;11
499;1275.0;2024-06-13;632;12
500;1445.0;2024-06-17;3402;12
501;850.0;2024-06-16;2317;12
502;1445.0;2024-06-20;774;12
503;850.0;2024-06-03;2089;12
504;1445.0;2024-06-07;2815;12
505;1530.0;2024-06-19;2874;12
506;1105.0;2024-06-04;3430;12
507;1275.0;2024-06-20;2302;12
508;1700.0;2024-06-11;1426;12
509;850.0;2024-06-16;3592;12
510;833.0;2024-06-19;1757;12
511;1275.0;2024-06-03;2756;12
512;1530.0;2024-06-10;1935;12
513;850.0;2024-06-16;2117;12
514;850.0;2024-06-21;2347;12
515;850.0;2024-06-22;1232;12
516;1445.0;2024-06-21;817;12
517;850.0;2024-06-14;3114;12
518;833.0;2024-06-12;2452;12
519;1105.0;2024-06-05;373;12
520;850.0;2024-06-09;2205;12
521;1275.0;2024-06-03;2241;12
522;850.0;2024-06-23;2351;12
523;850.0;2024-06-20;1142;12
524;1530.0;2024-06-20;2361;12
525;833.0;2024-06-19;590;12
526;1530.0;2024-06-13;279;12
527;850.0;2024-06-23;3674;12
528;1445.0;2024-06-04;1326;12
529;833.0;2024-06-21;1825;12
530;833.0;2024-06-20;3571;12
531;850.0;2024-06-12;2724;12
532;1530.0;2024-06-06;3179;12
533;1105.0;2024-06-22;471;12
534;850.0;2024-06-23;718;12
535;1560.0;2024-07-24;3569;13
536;1200.0;2024-07-14;3768;13
537;2040.0;2024-07-18;3390;13
538;2160.0;2024-07-01;1471;13
539;1200.0;2024-07-05;237;13
540;1560.0;2024-07-08;2478;13
541;1800.0;2024-07-17;1953;13
542;1200.0;2024-07-23;191;13
543;1176.0;2024-07-03;2008;13
544;1560.0;2024-07-07;53;13
545;1200.0;2024-07-16;369;13
546;2040.0;2024-07-01;473;13
547;2040.0;2024-07-24;3315;13
548;1800.0;2024-07-10;2068;13
549;1176.0;2024-07-01;493;13
550;2040.0;2024-07-19;2783;13
551;1800.0;2024-07-12;185;13
552;2400.0;2024-07-12;87;13
553;2160.0;2024-07-19;3511;13
554;2040.0;2024-07-05;838;13
555;2400.0;2024-07-19;2311;13
556;2040.0;2024-07-06;95;13
557;1560.0;2024-07-13;1615;13
558;2040.0;2024-07-04;1872;13
559;1560.0;2024-07-12;2873;13
560;1800.0;2024-07-15;595;13
561;1560.0;2024-07-18;2468;13
562;2040.0;2024-07-04;2776;13
563;1800.0;2024-07-07;597;13
564;1560.0;2024-07-23;1622;13
565;1200.0;2024-07-14;3251;13
566;2400.0;2024-07-05;964;13
567;2040.0;2024-07-01;466;13
568;2040.0;2024-07-02;3679;13
569;1200.0;2024-07-01;3451;13
570;2400.0;2024-07-24;568;13
571;1176.0;2024-07-20;894;13
572;2400.0;2024-07-24;653;13
573;2040.0;2024-07-16;2625;13
574;1200.0;2024-07-10;3437;13
575;1800.0;2024-07-06;2612;13
576;1725.0;2024-09-16;1750;14
577;2300.0;2024-09-13;3011;14
578;1150.0;2024-09-18;2480;14
579;1495.0;2024-09-11;1189;14
580;2070.0;2024-09-15;2102;14
581;1150.0;2024-09-18;1166;14
582;1955.0;2024-09-07;633;14
583;2300.0;2024-09-22;1624;14
584;1725.0;2024-09-09;2991;14
585;1495.0;2024-09-17;2518;14
586;1725.0;2024-09-15;1906;14
587;1150.0;2024-09-15;3449;14
588;1150.0;2024-09-09;2966;14
589;1150.0;2024-09-09;329;14
590;1150.0;2024-09-05;35;14
591;1495.0;2024-09-09;588;14
592;1150.0;2024-09-23;2395;14
593;1495.0;2024-09-02;79;14
594;1150.0;2024-09-17;3015;14
595;1495.0;2024-09-03;3769;14
596;1725.0;2024-09-16;1549;14
597;1495.0;2024-09-09;546;14
598;1150.0;2024-09-08;1416;14
599;1725.0;2024-09-22;3517;14
600;2300.0;2024-08-31;3492;14
601;1127.0;2024-09-10;3334;14
602;1150.0;2024-09-01;2073;14
603;1150.0;2024-09-14;837;14
604;1150.0;2024-09-18;3158;14
605;1150.0;2024-09-22;3102;14
606;1725.0;2024-09-23;3575;14
607;2070.0;2024-09-03;461;14
608;1150.0;2024-09-08;3541;14
609;1495.0;2024-09-04;2719;14
610;1955.0;2024-09-07;2457;14
611;1495.0;2024-09-08;1899;14
612;1955.0;2024-09-03;580;14
613;150.0;2024-08-03;1121;15
614;150.0;2024-08-01;3245;15
615;255.0;2024-08-17;3447;15
616;300.0;2024-08-16;1775;15
617;150.0;2024-08-02;169;15
618;225.0;2024-08-01;1405;15
619;225.0;2024-08-24;2627;15
620;270.0;2024-08-01;2819;15
621;270.0;2024-08-06;3271;15
622;195.0;2024-08-03;623;15
623;255.0;2024-08-15;1733;15
624;150.0;2024-08-12;2633;15
625;150.0;2024-08-19;2835;15
626;300.0;2024-08-03;2974;15
627;150.0;2024-08-19;2829;15
628;150.0;2024-08-23;490;15
629;195.0;2024-08-24;1018;15
630;300.0;2024-08-06;1184;15
631;150.0;2024-08-23;1812;15
632;255.0;2024-08-20;388;15
633;255.0;2024-08-18;2458;15
634;270.0;2024-08-04;776;15
635;195.0;2024-08-22;610;15
636;147.0;2024-08-18;3453;15
637;225.0;2024-08-04;977;15
638;255.0;2024-08-02;2335;15
639;150.0;2024-08-16;1920;15
640;195.0;2024-08-12;712;15
641;255.0;2024-08-05;2694;15
642;147.0;2024-08-04;1835;15
643;255.0;2024-08-16;3421;15
644;225.0;2024-08-18;3836;15
645;195.0;2024-08-05;1871;15
646;150.0;2024-08-08;205;15
647;225.0;2024-08-11;3669;15
648;195.0;2024-08-21;1572;15
649;150.0;2024-08-13;3306;15
650;255.0;2024-08-15;1576;15
651;147.0;2024-08-20;3440;15
652;150.0;2024-08-07;252;15
653;195.0;2024-08-22;2471;15
654;195.0;2024-08-05;1714;15
655;150.0;2024-08-16;3188;15
656;147.0;2024-08-23;3758;15
657;270.0;2024-08-11;1439;15
658;270.0;2024-08-18;2379;15
659;150.0;2024-08-12;650;15
660;150.0;2024-08-15;1357;15
661;150.0;2024-08-15;375;15
662;150.0;2024-08-22;3032;15
663;150.0;2024-08-17;1646;15
664;300.0;2024-08-20;372;15
665;300.0;2024-08-16;2217;15
666;147.0;2024-08-19;49;15
667;147.0;2024-08-19;138;15
668;150.0;2024-08-05;378;15
669;195.0;2024-08-17;1161;15
670;255.0;2024-08-17;3076;15
671;225.0;2024-08-05;3321;15
672;255.0;2024-08-08;1385;15
673;270.0;2024-08-22;2105;15
674;150.0;2024-08-23;2951;15
675;195.0;2024-08-03;347;15
676;270.0;2024-08-12;897;15
677;225.0;2024-08-18;155;15
678;255.0;2024-08-01;3323;15
679;147.0;2024-08-06;3326;15
680;150.0;2024-08-14;2237;15
681;400.0;2023-08-01;2044;16
682;680.0;2023-08-13;2872;16
683;400.0;2023-08-04;1652;16
684;400.0;2023-08-05;3604;16
685;520.0;2023-08-14;337;16
686;400.0;2023-08-09;3146;16
687;720.0;2023-08-16;50;16
688;520.0;2023-08-20;259;16
689;400.0;2023-08-03;2224;16
690;600.0;2023-08-17;3299;16
691;680.0;2023-08-20;3240;16
692;720.0;2023-08-11;1460;16
693;800.0;2023-08-20;298;16
694;400.0;2023-08-09;2805;16
695;520.0;2023-08-21;1065;16
696;600.0;2023-08-04;2323;16
697;392.0;2023-08-02;3373;16
698;392.0;2023-08-02;863;16
699;680.0;2023-08-09;1170;16
700;400.0;2023-08-11;2575;16
701;720.0;2023-08-13;440;16
702;392.0;2023-08-13;1164;16
703;400.0;2023-08-09;2006;16
704;392.0;2023-08-01;1595;16
705;680.0;2023-08-17;956;16
706;800.0;2023-08-14;1699;16
707;400.0;2023-08-05;621;16
708;720.0;2023-08-23;2832;16
709;400.0;2023-08-05;257;16
710;392.0;2023-08-16;1068;16
711;400.0;2023-08-06;562;16
712;392.0;2023-08-02;1690;16
713;720.0;2023-08-07;2252;16
714;400.0;2023-08-10;2882;16
715;400.0;2023-08-17;2744;16
716;392.0;2023-08-01;1180;16
717;600.0;2023-08-05;3352;16
718;520.0;2023-08-08;3182;16
719;392.0;2023-08-22;1727;16
720;400.0;2023-08-13;1396;16
721;392.0;2023-08-10;3672;16
722;520.0;2023-08-15;2028;16
723;600.0;2023-08-05;3127;16
724;600.0;2023-08-19;2818;16
725;400.0;2023-08-07;329;16
726;400.0;2023-08-03;3330;16
727;520.0;2023-08-12;1683;16
728;600.0;2023-08-05;2845;16
729;400.0;2023-08-24;685;16
730;520.0;2023-08-22;2479;16
731;800.0;2023-08-03;967;16
732;720.0;2023-08-07;1083;16
733;400.0;2023-08-13;1519;16
734;720.0;2023-08-06;2953;16
735;520.0;2023-08-22;3377;16
736;400.0;2023-08-24;2213;16
737;400.0;2023-08-07;852;16
738;600.0;2023-08-08;2228;16
739;400.0;2023-08-04;2752;16
740;680.0;2023-08-19;2567;16
741;680.0;2023-08-17;3619;16
742;400.0;2023-08-10;2144;16
743;400.0;2023-08-18;3385;16
744;680.0;2023-08-14;3154;16
745;600.0;2023-08-10;1823;16
746;520.0;2023-08-22;3644;16
747;270.0;2023-09-17;279;17
748;150.0;2023-09-04;3406;17
749;255.0;2023-09-15;170;17
750;150.0;2023-09-03;247;17
751;150.0;2023-09-22;468;17
752;150.0;2023-09-22;2698;17
753;255.0;2023-09-19;1815;17
754;150.0;2023-09-03;2544;17
755;150.0;2023-08-31;3145;17
756;150.0;2023-09-05;1944;17
757;147.0;2023-09-23;2632;17
758;150.0;2023-09-09;988;17
759;255.0;2023-09-10;3387;17
760;300.0;2023-09-11;502;17
761;255.0;2023-09-15;55;17
762;270.0;2023-09-08;3378;17
763;195.0;2023-09-22;3050;17
764;150.0;2023-09-16;1029;17
765;147.0;2023-09-23;1068;17
766;255.0;2023-09-17;1713;17
767;270.0;2023-09-23;1555;17
768;225.0;2023-09-01;3168;17
769;255.0;2023-09-02;267;17
770;150.0;2023-09-09;545;17
771;195.0;2023-09-14;2932;17
772;300.0;2023-09-08;909;17
773;300.0;2023-09-08;2311;17
774;150.0;2023-09-15;1736;17
775;150.0;2023-09-22;1869;17
776;270.0;2023-09-16;1720;17
777;150.0;2023-09-07;2986;17
778;195.0;2023-09-09;1615;17
779;225.0;2023-09-12;1628;17
780;1755.0;2023-08-16;392;18
781;1755.0;2023-08-20;1279;18
782;1755.0;2023-08-22;1271;18
783;1755.0;2023-08-11;2660;18
784;1323.0;2023-08-10;3568;18
785;1350.0;2023-08-21;1028;18
786;1350.0;2023-08-08;3509;18
787;1755.0;2023-08-07;1066;18
788;1350.0;2023-08-16;730;18
789;1350.0;2023-08-24;1863;18
790;1350.0;2023-08-02;777;18
791;2295.0;2023-08-09;1319;18
792;2430.0;2023-08-09;2616;18
793;1350.0;2023-08-22;1545;18
794;2700.0;2023-08-07;2963;18
795;2295.0;2023-08-01;1060;18
796;2430.0;2023-08-09;2939;18
797;1350.0;2023-08-21;2594;18
798;2295.0;2023-08-09;3151;18
799;1350.0;2023-08-13;2922;18
800;2430.0;2023-08-03;1890;18
801;1350.0;2023-08-03;1168;18
802;1350.0;2023-08-12;1283;18
803;2025.0;2023-08-08;1330;18
804;2025.0;2023-08-18;1832;18
805;1755.0;2023-08-04;442;18
806;1350.0;2023-08-16;3238;18
807;1350.0;2023-08-06;2434;18
808;1323.0;2023-08-06;908;18
809;1350.0;2023-08-04;3136;18
810;1350.0;2023-08-13;2778;18
811;2700.0;2023-08-21;1295;18
812;2700.0;2023-08-09;1873;18
813;2700.0;2023-08-15;1601;18
814;1350.0;2023-08-21;1837;18
815;1755.0;2023-08-22;507;18
816;1350.0;2023-08-01;188;18
817;1350.0;2023-08-05;1434;18
818;2430.0;2023-08-03;2361;18
819;1350.0;2023-08-10;3069;18
820;1350.0;2023-08-08;1331;18
821;1755.0;2023-08-05;3284;18
822;1350.0;2023-08-18;1569;18
823;1350.0;2023-08-01;2909;18
824;1350.0;2023-08-09;3654;18
825;1755.0;2023-08-17;766;18
826;1350.0;2023-08-23;1251;18
827;2025.0;2023-08-05;2669;18
828;2430.0;2023-08-21;306;18
829;2025.0;2023-08-05;3546;18
830;1350.0;2023-08-05;866;18
831;2025.0;2023-08-04;2129;18
832;1755.0;2023-08-03;1329;18
833;2700.0;2023-08-02;1857;18
834;1350.0;2023-08-12;99;18
835;1350.0;2023-08-17;198;18
836;2025.0;2023-08-19;3324;18
837;1350.0;2023-08-21;2524;18
838;1350.0;2023-08-23;2223;18
839;2025.0;2023-08-12;356;18
840;1350.0;2023-08-15;2636;18
841;1350.0;2023-08-07;2798;18
842;2025.0;2023-08-02;1046;18
843;2700.0;2023-08-23;1889;18
844;2430.0;2023-08-10;367;18
845;2025.0;2023-08-16;1282;18
846;2295.0;2023-08-07;3738;18
847;2295.0;2023-08-09;245;18
848;1755.0;2023-08-22;946;18
849;2160.0;2024-09-09;3415;19
850;1176.0;2024-09-08;3753;19
851;1800.0;2024-09-23;3299;19
852;1176.0;2024-09-19;515;19
853;2160.0;2024-09-11;212;19
854;2040.0;2024-09-16;834;19
855;1200.0;2024-09-09;2093;19
856;1176.0;2024-09-14;1824;19
857;1200.0;2024-09-15;224;19
858;1560.0;2024-09-22;2603;19
859;1800.0;2024-09-21;412;19
860;1800.0;2024-09-17;3095;19
861;1200.0;2024-09-14;3625;19
862;1200.0;2024-09-07;1749;19
863;1200.0;2024-09-03;2914;19
864;1800.0;2024-09-23;90;19
865;1200.0;2024-09-15;108;19
866;1200.0;2024-09-02;3525;19
867;1200.0;2024-09-10;2675;19
868;1200.0;2024-09-12;1633;19
869;1200.0;2024-09-10;2830;19
870;1200.0;2024-09-14;717;19
871;1200.0;2024-09-12;1087;19
872;1176.0;2024-09-06;49;19
873;1200.0;2024-09-19;3148;19
874;2160.0;2024-09-13;661;19
875;1200.0;2024-09-05;3406;19
876;2400.0;2024-09-14;773;19
877;1200.0;2024-09-23;3209;19
878;2040.0;2024-09-07;889;19
879;1200.0;2024-09-09;299;19
880;1200.0;2024-09-20;1281;19
881;1200.0;2024-09-14;398;19
882;1560.0;2024-09-20;675;19
883;1200.0;2024-09-10;1096;19
884;1200.0;2024-09-16;1185;19
885;1200.0;2024-09-02;2586;19
886;2400.0;2024-09-08;3248;19
887;2040.0;2024-09-21;3692;19
888;2160.0;2024-09-20;721;19
889;1176.0;2024-09-07;1680;19
890;1560.0;2024-09-06;3632;19
891;2040.0;2024-09-02;1637;19
892;1800.0;2024-09-01;2091;19
893;1176.0;2024-09-09;3838;19
894;1200.0;2024-09-09;794;19
895;1200.0;2024-09-14;2024;19
896;2400.0;2024-09-21;2422;19
897;1200.0;2024-09-19;617;19
898;1176.0;2024-09-12;1225;19
899;2160.0;2024-09-08;2322;19
900;1560.0;2024-09-23;3802;19
901;1176.0;2024-09-12;812;19
902;2040.0;2024-09-09;779;19
903;1800.0;2024-09-15;1808;19
904;1560.0;2024-09-15;991;19
905;1495.0;2024-08-09;392;20
906;1725.0;2024-08-19;3016;20
907;1150.0;2024-08-07;268;20
908;1725.0;2024-08-15;2711;20
909;1725.0;2024-08-19;1406;20
910;1127.0;2024-08-14;464;20
911;1150.0;2024-08-01;3641;20
912;1150.0;2024-08-11;3102;20
913;2300.0;2024-08-05;2365;20
914;1150.0;2024-08-24;3602;20
915;2070.0;2024-08-20;2279;20
916;1495.0;2024-08-22;1499;20
917;1725.0;2024-08-10;850;20
918;1955.0;2024-08-22;2983;20
919;1150.0;2024-08-11;2865;20
920;1495.0;2024-08-02;982;20
921;1150.0;2024-08-19;2009;20
922;1127.0;2024-08-23;2222;20
923;1495.0;2024-08-11;3751;20
924;1725.0;2024-08-03;934;20
925;1955.0;2024-08-11;1391;20
926;1150.0;2024-08-24;384;20
927;1495.0;2024-08-17;645;20
928;1127.0;2024-08-11;3274;20
929;1150.0;2024-08-21;481;20
930;1495.0;2024-08-21;3849;20
931;2300.0;2024-08-18;1624;20
932;1495.0;2024-08-17;1629;20
933;2070.0;2024-08-23;702;20
934;2070.0;2024-08-14;743;20
935;1150.0;2024-08-05;3260;20
936;1725.0;2024-08-14;2267;20
937;1725.0;2024-08-17;1126;20
938;1955.0;2024-08-21;3232;20
939;2070.0;2024-08-13;389;20
940;1150.0;2024-08-01;3052;20
941;1150.0;2024-08-17;2183;20
942;1150.0;2024-08-19;3806;20
943;1150.0;2024-08-18;3289;20
944;1150.0;2024-08-03;1712;20
945;2070.0;2024-08-11;1790;20
946;1127.0;2024-08-18;1562;20
947;1495.0;2024-08-24;2957;20
948;1495.0;2024-08-08;177;20
949;2070.0;2024-08-10;1471;20
950;1150.0;2024-08-05;238;20
951;2300.0;2024-08-01;3264;20
952;1150.0;2024-08-16;2924;20
953;1725.0;2024-08-01;2810;20
954;1150.0;2024-08-21;3042;20
955;1955.0;2024-08-10;1800;20
956;1150.0;2024-08-01;2334;20
957;1955.0;2024-08-09;3589;20
958;1150.0;2024-08-23;3709;20
959;1955.0;2024-08-14;107;20
960;1800.0;2024-06-18;514;21
961;2000.0;2024-06-11;371;21
962;1700.0;2024-06-01;267;21
963;1300.0;2024-06-14;2959;21
964;1000.0;2024-06-16;1905;21
965;1000.0;2024-06-09;3166;21
966;980.0;2024-06-04;407;21
967;1000.0;2024-06-20;893;21
968;2000.0;2024-06-08;1857;21
969;1000.0;2024-06-16;3525;21
970;1300.0;2024-06-14;766;21
971;1000.0;2024-06-04;3711;21
972;1300.0;2024-06-21;712;21
973;2000.0;2024-06-04;1580;21
974;1800.0;2024-06-06;2400;21
975;1000.0;2024-06-07;1564;21
976;1000.0;2024-06-07;2492;21
977;1000.0;2024-06-03;771;21
978;1000.0;2024-06-07;662;21
979;1500.0;2024-05-31;2558;21
980;1700.0;2024-06-17;3153;21
981;1500.0;2024-06-09;3105;21
982;1000.0;2024-06-17;1774;21
983;1500.0;2024-06-09;3312;21
984;1000.0;2024-06-04;317;21
985;1500.0;2024-06-13;820;21
986;2000.0;2024-06-03;330;21
987;1800.0;2024-06-12;1244;21
988;2000.0;2024-06-12;2217;21
989;1800.0;2024-06-18;2790;21
990;1000.0;2024-06-20;2201;21
991;1300.0;2024-06-19;561;21
992;1500.0;2024-06-17;1972;21
993;1000.0;2024-06-02;2039;21
994;1000.0;2024-06-11;1429;21
995;1000.0;2024-06-19;3370;21
996;1000.0;2024-06-16;3809;21
997;1350.0;2023-08-12;3406;22
998;2430.0;2023-08-09;279;22
999;1350.0;2023-08-07;796;22
1000;2430.0;2023-08-24;3767;22
1001;1350.0;2023-08-01;3375;22
1002;2430.0;2023-08-14;1970;22
1003;1350.0;2023-08-23;3780;22
1004;1350.0;2023-08-20;3773;22
1005;1350.0;2023-08-05;2960;22
1006;1323.0;2023-08-07;1451;22
1007;1755.0;2023-08-04;166;22
1008;1323.0;2023-08-21;2683;22
1009;1350.0;2023-08-10;1791;22
1010;1350.0;2023-08-18;2440;22
1011;2025.0;2023-08-15;2345;22
1012;1755.0;2023-08-09;3386;22
1013;1350.0;2023-08-19;2548;22
1014;1755.0;2023-08-05;1598;22
1015;2025.0;2023-08-07;1378;22
1016;1350.0;2023-08-16;2282;22
1017;1350.0;2023-08-12;1040;22
1018;1350.0;2023-08-20;3482;22
1019;1350.0;2023-08-08;29;22
1020;1350.0;2023-08-13;2531;22
1021;1350.0;2023-08-07;199;22
1022;1350.0;2023-08-15;1165;22
1023;2025.0;2023-08-24;2020;22
1024;2430.0;2023-08-09;258;22
1025;1350.0;2023-08-08;237;22
1026;1350.0;2023-08-01;479;22
1027;3250.0;2023-07-08;886;23
1028;3250.0;2023-07-18;3736;23
1029;3750.0;2023-07-04;290;23
1030;4500.0;2023-07-10;759;23
1031;2500.0;2023-07-11;1971;23
1032;4500.0;2023-07-22;649;23
1033;3250.0;2023-07-08;2596;23
1034;2500.0;2023-07-21;2907;23
1035;3250.0;2023-07-16;696;23
1036;3750.0;2023-07-08;2728;23
1037;2500.0;2023-07-15;150;23
1038;2500.0;2023-07-03;2522;23
1039;3750.0;2023-07-11;3789;23
1040;3250.0;2023-07-08;858;23
1041;4500.0;2023-07-24;2839;23
1042;3750.0;2023-07-23;1840;23
1043;2500.0;2023-07-08;2172;23
1044;2500.0;2023-07-17;211;23
1045;4250.0;2023-07-23;267;23
1046;3750.0;2023-07-18;575;23
1047;2500.0;2023-07-19;869;23
1048;2500.0;2023-07-01;3488;23
1049;3250.0;2023-07-16;3837;23
1050;2500.0;2023-07-01;3148;23
1051;4250.0;2023-07-08;1911;23
1052;2500.0;2023-07-21;836;23
1053;2500.0;2023-07-10;3832;23
1054;3250.0;2023-07-13;1423;23
1055;2500.0;2023-07-05;1147;23
1056;2500.0;2023-07-08;3204;23
1057;2500.0;2023-07-18;1038;23
1058;2500.0;2023-07-08;3657;23
1059;2500.0;2023-07-02;2811;23
1060;3750.0;2023-07-07;1100;23
1061;4500.0;2023-07-11;321;23
1062;3750.0;2023-07-06;3776;23
1063;5000.0;2023-07-15;120;23
1064;2500.0;2023-07-23;2467;23
1065;2500.0;2023-07-08;961;23
1066;4500.0;2023-07-13;3033;23
1067;3750.0;2023-07-17;2561;23
1068;3250.0;2023-07-03;3825;23
1069;4250.0;2023-07-02;291;23
1070;1530.0;2023-09-13;669;24
1071;850.0;2023-09-05;145;24
1072;1445.0;2023-09-01;3051;24
1073;1445.0;2023-09-13;2312;24
1074;1105.0;2023-09-04;2855;24
1075;833.0;2023-09-13;3282;24
1076;850.0;2023-08-31;808;24
1077;850.0;2023-09-07;869;24
1078;850.0;2023-09-04;1165;24
1079;1105.0;2023-09-10;3721;24
1080;1530.0;2023-09-15;2962;24
1081;833.0;2023-09-20;2910;24
1082;1275.0;2023-09-22;2060;24
1083;1530.0;2023-09-16;784;24
1084;850.0;2023-09-03;782;24
1085;1275.0;2023-09-16;895;24
1086;1700.0;2023-09-14;582;24
1087;850.0;2023-09-09;2000;24
1088;850.0;2023-09-19;3406;24
1089;850.0;2023-09-02;736;24
1090;850.0;2023-09-12;1296;24
1091;1530.0;2023-09-21;2628;24
1092;833.0;2023-09-07;1877;24
1093;1445.0;2023-09-01;1540;24
1094;850.0;2023-09-13;1422;24
1095;850.0;2023-08-31;3087;24
1096;850.0;2023-09-21;3342;24
1097;1445.0;2023-09-03;2625;24
1098;850.0;2023-09-17;140;24
1099;850.0;2023-09-21;1070;24
1100;1700.0;2023-08-31;1699;24
1101;1275.0;2023-09-21;1437;24
1102;833.0;2023-09-02;911;24
1103;1445.0;2023-09-06;1539;24
1104;850.0;2023-09-16;492;24
1105;850.0;2023-09-12;2607;24
1106;1445.0;2023-09-01;2321;24
1107;1700.0;2023-09-04;1062;24
1108;1700.0;2023-09-22;1104;24
1109;850.0;2023-09-19;3641;24
1110;833.0;2023-09-14;3718;24
1111;1275.0;2023-09-14;1535;24
1112;850.0;2023-09-03;3451;24
1113;1275.0;2023-09-17;3620;24
1114;540.0;2023-08-18;130;25
1115;600.0;2023-08-03;1445;25
1116;450.0;2023-08-16;647;25
1117;294.0;2023-08-09;1848;25
1118;540.0;2023-08-09;776;25
1119;300.0;2023-08-03;1240;25
1120;300.0;2023-08-16;3209;25
1121;300.0;2023-08-09;457;25
1122;540.0;2023-08-16;2105;25
1123;294.0;2023-08-23;1477;25
1124;540.0;2023-08-23;321;25
1125;300.0;2023-08-17;201;25
1126;300.0;2023-08-09;3486;25
1127;510.0;2023-08-19;2469;25
1128;600.0;2023-08-08;3412;25
1129;600.0;2023-08-23;3189;25
1130;540.0;2023-08-17;1561;25
1131;300.0;2023-08-17;2897;25
1132;540.0;2023-08-10;1012;25
1133;300.0;2023-08-04;2492;25
1134;450.0;2023-08-03;1840;25
1135;390.0;2023-08-06;853;25
1136;300.0;2023-08-13;2308;25
1137;510.0;2023-08-05;3290;25
1138;540.0;2023-08-18;2188;25
1139;300.0;2023-08-09;3428;25
1140;390.0;2023-08-08;1598;25
1141;931.0;2023-06-01;2256;26
1142;950.0;2023-05-31;1453;26
1143;950.0;2023-06-08;8;26
1144;950.0;2023-06-16;1843;26
1145;950.0;2023-06-11;3720;26
1146;1900.0;2023-06-12;3492;26
1147;1235.0;2023-06-13;1714;26
1148;950.0;2023-06-05;2822;26
1149;950.0;2023-06-05;3297;26
1150;1425.0;2023-06-19;155;26
1151;950.0;2023-06-16;1272;26
1152;1710.0;2023-06-20;2249;26
1153;931.0;2023-06-13;1825;26
1154;950.0;2023-06-11;3822;26
1155;1615.0;2023-06-23;3652;26
1156;1235.0;2023-06-15;2645;26
1157;1710.0;2023-06-13;1047;26
1158;950.0;2023-06-22;413;26
1159;1900.0;2023-06-21;1174;26
1160;931.0;2023-06-17;1543;26
1161;1615.0;2023-06-02;3211;26
1162;950.0;2023-06-14;3666;26
1163;950.0;2023-06-01;385;26
1164;1235.0;2023-06-12;853;26
1165;1710.0;2023-06-04;1766;26
1166;1425.0;2023-06-11;45;26
1167;950.0;2023-06-02;40;26
1168;950.0;2023-06-14;2742;26
1169;931.0;2023-06-17;3520;26
1170;1710.0;2023-06-15;3684;26
1171;950.0;2023-06-16;596;26
1172;931.0;2023-06-12;18;26
1173;1235.0;2023-06-20;1467;26
1174;950.0;2023-06-08;3141;26
1175;950.0;2023-06-08;2032;26
1176;950.0;2023-06-13;906;26
1177;1425.0;2023-06-05;1846;26
1178;950.0;2023-06-01;1534;26
1179;1235.0;2023-06-18;868;26
1180;1615.0;2023-06-10;834;26
1181;1615.0;2023-06-20;3598;26
1182;1235.0;2023-06-04;3218;26
1183;950.0;2023-06-18;479;26
1184;950.0;2023-06-06;2391;26
1185;1615.0;2023-06-16;1975;26
1186;1615.0;2023-06-05;2078;26
1187;1425.0;2023-06-07;2767;26
1188;950.0;2023-06-17;698;26
1189;950.0;2023-06-23;3565;26
1190;1710.0;2023-06-02;1655;26
1191;950.0;2023-06-12;123;26
1192;1235.0;2023-06-16;3455;26
1193;1235.0;2023-06-10;2997;26
1194;1710.0;2023-06-05;759;26
1195;1615.0;2023-06-04;3315;26
1196;1235.0;2023-05-31;3721;26
1197;1615.0;2023-06-06;1263;26
1198;950.0;2023-06-23;2336;26
1199;950.0;2023-06-04;567;26
1200;1615.0;2023-06-13;2457;26
1201;1615.0;2023-06-18;2797;26
1202;1710.0;2023-06-08;15;26
1203;1425.0;2023-06-10;1100;26
1204;950.0;2023-06-07;1530;26
1205;1235.0;2023-06-03;2611;26
1206;1235.0;2023-06-07;813;26
1207;1235.0;2023-09-17;2580;27
1208;950.0;2023-09-19;3100;27
1209;1425.0;2023-09-23;3095;27
1210;1235.0;2023-09-16;928;27
1211;1235.0;2023-08-31;957;27
1212;1235.0;2023-09-14;1716;27
1213;1615.0;2023-08-31;2466;27
1214;1235.0;2023-09-03;1502;27
1215;1235.0;2023-09-11;3796;27
1216;931.0;2023-09-01;3237;27
1217;1425.0;2023-09-03;2125;27
1218;1235.0;2023-09-05;2936;27
1219;950.0;2023-09-19;933;27
1220;1235.0;2023-09-21;1871;27
1221;950.0;2023-09-06;2137;27
1222;950.0;2023-09-02;1043;27
1223;950.0;2023-09-05;1556;27
1224;950.0;2023-09-18;3309;27
1225;1900.0;2023-09-11;1560;27
1226;950.0;2023-09-10;1208;27
1227;1710.0;2023-09-02;914;27
1228;1615.0;2023-09-06;3049;27
1229;1615.0;2023-09-11;3821;27
1230;1615.0;2023-09-22;1338;27
1231;950.0;2023-09-19;714;27
1232;1425.0;2023-08-31;1953;27
1233;931.0;2023-09-06;136;27
1234;931.0;2023-09-06;2853;27
1235;1900.0;2023-09-05;3223;27
1236;950.0;2023-09-23;271;27
1237;1235.0;2023-09-15;1585;27
1238;1425.0;2023-09-10;73;27
1239;950.0;2023-09-22;3114;27
1240;1615.0;2023-08-31;3840;27
1241;1200.0;2024-06-18;2575;28
1242;1560.0;2024-06-12;3455;28
1243;1200.0;2024-06-01;926;28
1244;2400.0;2024-06-10;3526;28
1245;1200.0;2024-06-09;2964;28
1246;1200.0;2024-06-22;3464;28
1247;1200.0;2024-06-01;1142;28
1248;2400.0;2024-06-06;1601;28
1249;2040.0;2024-06-02;1737;28
1250;1200.0;2024-06-13;3482;28
1251;1200.0;2024-06-21;2119;28
1252;2040.0;2024-06-11;154;28
1253;2040.0;2024-06-07;190;28
1254;1200.0;2024-06-23;3728;28
1255;2160.0;2024-06-02;429;28
1256;1176.0;2024-05-31;2910;28
1257;1200.0;2024-06-16;827;28
1258;2160.0;2024-06-19;3341;28
1259;1176.0;2024-06-05;3088;28
1260;2160.0;2024-06-01;1599;28
1261;1200.0;2024-06-19;617;28
1262;1176.0;2024-06-15;1685;28
1263;1560.0;2024-06-16;2346;28
1264;2400.0;2024-06-06;3109;28
1265;1200.0;2024-06-15;437;28
1266;2040.0;2024-06-18;294;28
1267;1200.0;2024-06-22;56;28
1268;1200.0;2024-05-31;3157;28
1269;2040.0;2024-06-02;2640;28
1270;2040.0;2024-06-09;42;28
1271;1176.0;2024-06-22;3443;28
1272;1800.0;2024-06-14;1951;28
1273;1176.0;2024-06-08;953;28
1274;2160.0;2024-06-04;3358;28
1275;2040.0;2024-06-05;1315;28
1276;1200.0;2024-06-08;1207;28
1277;1800.0;2024-06-03;3620;28
1278;1560.0;2024-06-16;696;28
1279;1200.0;2024-06-17;357;28
1280;1445.0;2024-09-03;2905;29
1281;1105.0;2024-09-12;373;29
1282;850.0;2024-09-14;1726;29
1283;1530.0;2024-09-15;3288;29
1284;850.0;2024-09-12;874;29
1285;850.0;2024-09-12;1533;29
1286;833.0;2024-09-11;1354;29
1287;1275.0;2024-08-31;2155;29
1288;850.0;2024-09-08;2763;29
1289;1275.0;2024-09-17;3439;29
1290;1700.0;2024-09-10;87;29
1291;850.0;2024-09-06;3559;29
1292;1105.0;2024-09-18;740;29
1293;1530.0;2024-09-02;3649;29
1294;1105.0;2024-09-14;344;29
1295;1445.0;2024-09-11;944;29
1296;850.0;2024-09-21;1238;29
1297;1700.0;2024-09-23;2987;29
1298;850.0;2024-09-16;1387;29
1299;833.0;2024-09-12;3183;29
1300;1445.0;2024-09-23;785;29
1301;850.0;2024-09-10;1776;29
1302;1700.0;2024-09-20;1591;29
1303;1700.0;2024-09-07;2708;29
1304;850.0;2024-09-04;191;29
1305;675.0;2024-08-04;3101;30
1306;450.0;2024-08-01;3030;30
1307;585.0;2024-08-06;928;30
1308;675.0;2024-08-22;823;30
1309;450.0;2024-08-05;3141;30
1310;810.0;2024-08-16;3322;30
1311;450.0;2024-08-08;3436;30
1312;765.0;2024-08-03;1188;30
1313;900.0;2024-08-23;1487;30
1314;675.0;2024-08-22;3591;30
1315;585.0;2024-08-08;3182;30
1316;810.0;2024-08-09;1959;30
1317;450.0;2024-08-05;1417;30
1318;450.0;2024-08-09;935;30
1319;900.0;2024-08-12;605;30
1320;450.0;2024-08-01;1966;30
1321;900.0;2024-08-11;1013;30
1322;765.0;2024-08-01;1594;30
1323;450.0;2024-08-15;1768;30
1324;450.0;2024-08-07;121;30
1325;765.0;2024-08-23;1497;30
1326;450.0;2024-08-13;843;30
1327;450.0;2024-08-23;3781;30
1328;675.0;2024-08-16;1984;30
1329;441.0;2024-08-05;3143;30
1330;585.0;2024-08-08;3802;30
1331;450.0;2024-08-02;1278;30
1332;441.0;2024-08-18;3164;30
1333;900.0;2024-08-03;2459;30
1334;675.0;2024-08-21;2241;30
1335;585.0;2024-08-05;3353;30
1336;1235.0;2023-07-06;3584;31
1337;1615.0;2023-07-24;541;31
1338;1615.0;2023-07-03;3804;31
1339;931.0;2023-07-18;423;31
1340;1710.0;2023-07-05;2338;31
1341;950.0;2023-07-23;2970;31
1342;950.0;2023-07-09;200;31
1343;950.0;2023-07-23;1934;31
1344;950.0;2023-07-24;2317;31
1345;931.0;2023-07-07;2571;31
1346;950.0;2023-07-03;1920;31
1347;1710.0;2023-07-02;2707;31
1348;1425.0;2023-07-16;3181;31
1349;950.0;2023-07-22;158;31
1350;950.0;2023-07-06;1306;31
1351;950.0;2023-07-24;460;31
1352;1615.0;2023-07-18;2860;31
1353;950.0;2023-07-10;1791;31
1354;1710.0;2023-07-13;3273;31
1355;1235.0;2023-07-10;821;31
1356;950.0;2023-07-14;2134;31
1357;950.0;2023-07-19;1328;31
1358;931.0;2023-07-06;2162;31
1359;950.0;2023-07-03;1035;31
1360;1615.0;2023-07-03;2905;31
1361;1615.0;2023-07-11;735;31
1362;931.0;2023-07-03;1544;31
1363;950.0;2023-07-02;3603;31
1364;950.0;2023-07-17;35;31
1365;950.0;2023-07-24;2897;31
1366;950.0;2023-07-21;273;31
1367;585.0;2024-09-19;3277;32
1368;900.0;2024-09-02;618;32
1369;675.0;2024-09-12;3730;32
1370;450.0;2024-09-21;443;32
1371;585.0;2024-09-10;2208;32
1372;450.0;2024-08-31;2165;32
1373;585.0;2024-09-17;712;32
1374;810.0;2024-09-06;918;32
1375;450.0;2024-09-08;1417;32
1376;450.0;2024-09-18;2005;32
1377;675.0;2024-09-11;3727;32
1378;450.0;2024-09-03;2863;32
1379;441.0;2024-09-20;590;32
1380;450.0;2024-09-20;939;32
1381;450.0;2024-09-03;386;32
1382;450.0;2024-09-17;995;32
1383;585.0;2024-09-15;786;32
1384;675.0;2024-09-14;229;32
1385;585.0;2024-08-31;3695;32
1386;450.0;2024-09-15;869;32
1387;675.0;2024-09-20;1586;32
1388;900.0;2024-09-05;2459;32
1389;450.0;2024-09-06;950;32
1390;441.0;2024-09-12;2256;32
1391;810.0;2024-09-07;326;32
1392;450.0;2024-09-05;3538;32
1393;900.0;2024-09-20;2708;32
1394;585.0;2024-09-23;1499;32
1395;765.0;2024-09-10;2470;32
1396;675.0;2024-09-12;1984;32
1397;450.0;2024-09-09;884;32
1398;900.0;2024-09-13;3007;32
1399;675.0;2024-09-16;3399;32
1400;900.0;2024-09-11;3021;32
1401;765.0;2024-09-20;3523;32
1402;750.0;2023-09-14;3201;33
1403;750.0;2023-09-18;265;33
1404;1125.0;2023-09-16;10;33
1405;1275.0;2023-09-05;1911;33
1406;750.0;2023-09-03;760;33
1407;750.0;2023-09-17;805;33
1408;1350.0;2023-09-23;389;33
1409;750.0;2023-09-10;2014;33
1410;735.0;2023-09-03;3366;33
1411;750.0;2023-09-23;3700;33
1412;1125.0;2023-09-14;1906;33
1413;1125.0;2023-09-23;3150;33
1414;750.0;2023-09-16;945;33
1415;750.0;2023-09-06;3015;33
1416;750.0;2023-09-16;3075;33
1417;735.0;2023-09-22;3697;33
1418;1350.0;2023-09-16;1134;33
1419;1500.0;2023-09-19;3230;33
1420;750.0;2023-09-12;1974;33
1421;750.0;2023-09-17;2031;33
1422;750.0;2023-09-20;2447;33
1423;975.0;2023-09-03;891;33
1424;735.0;2023-09-08;221;33
1425;1500.0;2023-09-16;2568;33
1426;975.0;2023-09-01;1615;33
1427;735.0;2023-09-05;3183;33
1428;750.0;2023-09-18;3089;33
1429;1500.0;2023-09-06;225;33
1430;750.0;2023-09-04;2577;33
1431;1275.0;2023-09-01;1754;33
1432;735.0;2023-09-10;3791;33
1433;1125.0;2023-09-16;1332;33
1434;1275.0;2023-09-06;2850;33
1435;750.0;2023-09-13;2634;33
1436;750.0;2023-09-17;2423;33
1437;750.0;2023-09-05;3100;33
1438;750.0;2023-09-03;1267;33
1439;975.0;2023-09-07;772;33
1440;750.0;2023-09-02;3196;33
1441;1350.0;2023-09-01;3358;33
1442;1350.0;2023-09-20;3159;33
1443;750.0;2023-09-02;1776;33
1444;1125.0;2023-09-08;3181;33
1445;1125.0;2023-09-22;1781;33
1446;750.0;2023-09-18;214;33
1447;390.0;2024-07-03;561;34
1448;300.0;2024-07-14;57;34
1449;300.0;2024-07-17;3409;34
1450;390.0;2024-07-19;1246;34
1451;390.0;2024-07-11;3483;34
1452;450.0;2024-07-10;2228;34
1453;300.0;2024-07-04;3651;34
1454;300.0;2024-07-07;3642;34
1455;300.0;2024-07-08;2210;34
1456;300.0;2024-07-11;1296;34
1457;600.0;2024-07-15;2056;34
1458;450.0;2024-07-02;1252;34
1459;300.0;2024-07-02;2878;34
1460;450.0;2024-07-18;522;34
1461;390.0;2024-07-04;2985;34
1462;300.0;2024-07-16;1611;34
1463;510.0;2024-07-09;2912;34
1464;294.0;2024-07-16;485;34
1465;450.0;2024-07-01;3376;34
1466;510.0;2024-07-10;1450;34
1467;540.0;2024-07-14;51;34
1468;300.0;2024-07-18;3460;34
1469;300.0;2024-07-16;2877;34
1470;450.0;2024-07-22;3263;34
1471;300.0;2024-07-20;327;34
1472;450.0;2024-07-14;283;34
1473;540.0;2024-07-15;3381;34
1474;390.0;2024-07-17;958;34
1475;390.0;2024-07-14;1051;34
1476;300.0;2024-07-02;3592;34
1477;390.0;2024-07-18;3071;34
1478;300.0;2024-07-03;19;34
1479;450.0;2024-07-01;2209;34
1480;300.0;2024-07-05;334;34
1481;600.0;2024-07-02;330;34
1482;600.0;2024-07-23;316;34
1483;294.0;2024-07-22;2982;34
1484;600.0;2024-07-18;901;34
1485;300.0;2024-07-09;2788;34
1486;450.0;2024-07-19;2029;34
1487;450.0;2024-07-07;303;34
1488;450.0;2024-07-10;1481;34
1489;450.0;2024-07-15;3489;34
1490;300.0;2024-07-23;2768;34
1491;300.0;2024-07-11;362;34
1492;510.0;2024-07-22;2348;34
1493;540.0;2024-07-20;1049;34
1494;300.0;2024-07-16;135;34
1495;390.0;2024-07-21;2380;34
1496;300.0;2024-07-08;1661;34
1497;390.0;2024-07-20;1778;34
1498;300.0;2024-07-16;927;34
1499;300.0;2024-07-07;2038;34
1500;510.0;2024-07-23;291;34
1501;510.0;2024-07-02;2782;34
1502;540.0;2024-07-04;1155;34
1503;450.0;2024-07-13;3095;34
1504;390.0;2024-07-12;862;34
1505;450.0;2024-07-09;3293;34
1506;510.0;2024-07-06;3585;34
1507;510.0;2024-07-08;2609;34
1508;600.0;2024-07-21;1275;34
1509;540.0;2024-07-02;2018;34
1510;600.0;2024-07-15;618;34
1511;540.0;2024-07-23;463;34
1512;300.0;2024-07-12;3744;34
1513;540.0;2024-07-03;2641;34
1514;294.0;2024-07-12;864;35
1515;450.0;2024-07-22;2132;35
1516;510.0;2024-07-12;2169;35
1517;294.0;2024-07-03;189;35
1518;300.0;2024-07-05;3187;35
1519;600.0;2024-07-24;263;35
1520;300.0;2024-07-16;1288;35
1521;540.0;2024-07-12;3503;35
1522;540.0;2024-07-01;2252;35
1523;450.0;2024-07-04;823;35
1524;390.0;2024-07-09;292;35
1525;540.0;2024-07-19;3085;35
1526;510.0;2024-07-01;3477;35
1527;294.0;2024-07-21;594;35
1528;540.0;2024-07-06;1694;35
1529;600.0;2024-07-19;450;35
1530;390.0;2024-07-14;3424;35
1531;300.0;2024-07-07;150;35
1532;294.0;2024-07-05;1299;35
1533;390.0;2024-07-08;991;35
1534;600.0;2024-07-06;2365;35
1535;294.0;2024-07-17;3754;35
1536;300.0;2024-07-07;274;35
1537;450.0;2024-07-17;1701;35
1538;300.0;2024-07-03;562;35
1539;300.0;2024-07-21;2739;35
1540;510.0;2024-07-23;832;35
1541;450.0;2024-07-23;2097;35
1542;300.0;2024-07-13;3375;35
1543;510.0;2024-07-24;2143;35
1544;300.0;2024-07-13;512;35
1545;390.0;2024-07-03;3411;35
1546;450.0;2024-07-11;513;35
1547;450.0;2024-07-12;2125;35
1548;300.0;2024-07-14;109;35
1549;510.0;2024-07-24;2473;35
1550;540.0;2024-07-06;2838;35
1551;600.0;2024-07-04;1184;35
1552;600.0;2024-07-06;85;35
1553;390.0;2024-07-04;1979;35
1554;390.0;2024-07-09;599;35
1555;450.0;2024-07-03;2493;35
1556;931.0;2023-06-09;533;36
1557;950.0;2023-06-22;945;36
1558;950.0;2023-06-23;603;36
1559;1235.0;2023-06-13;1771;36
1560;1615.0;2023-06-04;3738;36
1561;1710.0;2023-06-05;2389;36
1562;950.0;2023-06-10;3431;36
1563;950.0;2023-06-12;961;36
1564;950.0;2023-06-08;2300;36
1565;950.0;2023-06-12;2651;36
1566;950.0;2023-06-18;3128;36
1567;950.0;2023-06-21;1056;36
1568;950.0;2023-06-18;1646;36
1569;950.0;2023-05-31;1996;36
1570;1425.0;2023-06-22;1681;36
1571;1425.0;2023-06-09;1302;36
1572;1425.0;2023-06-11;2579;36
1573;950.0;2023-06-19;2396;36
1574;950.0;2023-06-12;2671;36
1575;950.0;2023-06-01;2139;36
1576;950.0;2023-06-08;783;36
1577;1900.0;2023-06-06;2833;36
1578;950.0;2023-06-10;1005;36
1579;1710.0;2023-06-12;2299;36
1580;1615.0;2023-06-15;1895;36
1581;1900.0;2023-06-21;2608;36
1582;1900.0;2023-06-13;1275;36
1583;1235.0;2023-06-17;3071;36
1584;1365.0;2024-07-02;3277;37
1585;1890.0;2024-07-12;81;37
1586;1785.0;2024-07-15;3106;37
1587;1050.0;2024-07-06;2175;37
1588;1575.0;2024-07-04;3168;37
1589;1050.0;2024-07-10;775;37
1590;1785.0;2024-07-14;3829;37
1591;1785.0;2024-07-04;3557;37
1592;1050.0;2024-07-02;3565;37
1593;1050.0;2024-07-05;643;37
1594;1050.0;2024-07-20;3545;37
1595;1050.0;2024-07-17;1633;37
1596;1890.0;2024-07-21;2112;37
1597;1785.0;2024-07-15;3742;37
1598;1365.0;2024-07-24;3769;37
1599;1050.0;2024-07-05;1709;37
1600;1785.0;2024-07-09;2294;37
1601;1785.0;2024-07-10;2491;37
1602;1890.0;2024-07-02;962;37
1603;1785.0;2024-07-24;2600;37
1604;1050.0;2024-07-12;2730;37
1605;1785.0;2024-07-12;3429;37
1606;1029.0;2024-07-04;1957;37
1607;1050.0;2024-07-12;942;37
1608;1710.0;2023-09-03;607;38
1609;1235.0;2023-09-11;366;38
1610;1615.0;2023-09-09;1258;38
1611;1615.0;2023-09-16;1450;38
1612;950.0;2023-09-02;2221;38
1613;931.0;2023-09-19;2679;38
1614;1710.0;2023-08-31;3202;38
1615;1235.0;2023-09-16;118;38
1616;931.0;2023-09-13;1544;38
1617;950.0;2023-09-10;1966;38
1618;950.0;2023-09-01;2367;38
1619;950.0;2023-09-13;756;38
1620;950.0;2023-09-14;2024;38
1621;931.0;2023-09-15;1424;38
1622;1425.0;2023-09-12;2506;38
1623;950.0;2023-08-31;3521;38
1624;1425.0;2023-09-15;3391;38
1625;950.0;2023-09-19;2878;38
1626;950.0;2023-09-08;2313;38
1627;1615.0;2023-09-21;2176;38
1628;1710.0;2023-09-07;2759;38
1629;1710.0;2023-09-17;1668;38
1630;950.0;2023-09-09;377;38
1631;1900.0;2023-09-04;798;38
1632;950.0;2023-09-09;2134;38
1633;950.0;2023-09-10;3027;38
1634;1615.0;2023-09-08;3106;38
1635;1615.0;2023-09-12;301;38
1636;950.0;2023-09-23;698;38
1637;1615.0;2023-09-14;333;38
1638;1900.0;2023-09-05;85;38
1639;950.0;2023-09-08;3418;38
1640;950.0;2023-09-02;3456;38
1641;950.0;2023-09-11;2308;38
1642;931.0;2023-09-18;2246;38
1643;1425.0;2023-09-01;3001;38
1644;950.0;2023-09-19;104;38
1645;1235.0;2023-09-02;1924;38
1646;1235.0;2023-09-05;360;38
1647;950.0;2023-09-20;748;38
1648;931.0;2023-09-01;315;38
1649;1900.0;2023-09-19;3412;38
1650;950.0;2023-09-16;3382;38
1651;1900.0;2023-09-22;2099;38
1652;950.0;2023-09-11;2079;38
1653;1235.0;2023-09-15;548;38
1654;450.0;2023-08-22;1085;39
1655;441.0;2023-08-14;2691;39
1656;450.0;2023-08-11;3025;39
1657;450.0;2023-08-02;673;39
1658;450.0;2023-08-24;2467;39
1659;675.0;2023-08-11;3741;39
1660;450.0;2023-08-09;3629;39
1661;900.0;2023-08-10;3002;39
1662;900.0;2023-08-09;2720;39
1663;450.0;2023-08-13;282;39
1664;450.0;2023-08-07;2259;39
1665;810.0;2023-08-21;70;39
1666;585.0;2023-08-11;3755;39
1667;900.0;2023-08-03;618;39
1668;810.0;2023-08-16;3404;39
1669;450.0;2023-08-07;883;39
1670;450.0;2023-08-22;3760;39
1671;450.0;2023-08-16;172;39
1672;450.0;2023-08-07;3502;39
1673;450.0;2023-08-24;1475;39
1674;450.0;2023-08-13;2395;39
1675;441.0;2023-08-24;1354;39
1676;765.0;2023-08-07;3337;39
1677;765.0;2023-08-18;1975;39
1678;675.0;2023-08-05;3648;39
1679;765.0;2023-08-05;3049;39
1680;900.0;2023-08-10;3109;39
1681;441.0;2023-08-16;2615;39
1682;1275.0;2024-07-16;3703;40
1683;850.0;2024-07-01;571;40
1684;1445.0;2024-07-22;170;40
1685;1445.0;2024-07-12;815;40
1686;1530.0;2024-07-20;80;40
1687;833.0;2024-07-21;710;40
1688;1700.0;2024-07-04;352;40
1689;850.0;2024-07-09;3107;40
1690;850.0;2024-07-10;3816;40
1691;850.0;2024-07-20;93;40
1692;850.0;2024-07-02;381;40
1693;833.0;2024-07-22;1305;40
1694;1445.0;2024-07-12;1911;40
1695;850.0;2024-07-02;2148;40
1696;1530.0;2024-07-22;2616;40
1697;1275.0;2024-07-08;474;40
1698;850.0;2024-07-06;700;40
1699;833.0;2024-07-18;1562;40
1700;850.0;2024-07-08;3041;40
1701;1105.0;2024-07-12;767;40
1702;1445.0;2024-07-12;996;40
1703;1105.0;2024-07-09;2507;40
1704;1275.0;2024-07-24;3499;40
1705;850.0;2024-07-23;1245;40
1706;1445.0;2024-07-07;541;40
1707;850.0;2024-07-02;2907;40
1708;850.0;2024-07-05;441;40
1709;850.0;2024-07-14;2773;40
1710;1445.0;2024-07-04;779;40
1711;1530.0;2024-07-08;1720;40
1712;1700.0;2024-07-10;2254;40
1713;850.0;2024-07-01;1672;40
1714;850.0;2024-07-07;1971;40
1715;300.0;2023-09-14;256;41
1716;390.0;2023-09-08;3386;41
1717;300.0;2023-09-22;232;41
1718;600.0;2023-09-13;263;41
1719;540.0;2023-09-16;2554;41
1720;390.0;2023-09-22;555;41
1721;300.0;2023-09-06;2355;41
1722;600.0;2023-09-04;1648;41
1723;540.0;2023-09-18;1694;41
1724;300.0;2023-09-17;2205;41
1725;390.0;2023-09-18;746;41
1726;300.0;2023-09-03;1388;41
1727;294.0;2023-09-04;2309;41
1728;300.0;2023-09-21;929;41
1729;300.0;2023-09-06;980;41
1730;450.0;2023-09-12;2460;41
1731;540.0;2023-09-01;244;41
1732;300.0;2023-09-04;609;41
1733;300.0;2023-09-19;840;41
1734;450.0;2023-09-09;2630;41
1735;300.0;2023-09-22;2549;41
1736;390.0;2023-09-04;1622;41
1737;300.0;2023-09-11;2351;41
1738;600.0;2023-09-09;1209;41
1739;540.0;2023-09-17;518;41
1740;300.0;2023-09-16;3560;41
1741;450.0;2023-09-17;2597;41
1742;540.0;2023-09-16;1938;41
1743;300.0;2023-09-14;3166;41
1744;300.0;2023-09-17;1005;41
1745;510.0;2023-09-17;3598;41
1746;1275.0;2024-07-23;1393;42
1747;975.0;2024-07-13;3831;42
1748;750.0;2024-07-05;3480;42
1749;1125.0;2024-07-07;3639;42
1750;750.0;2024-07-04;1163;42
1751;1125.0;2024-07-22;2069;42
1752;750.0;2024-07-16;1858;42
1753;750.0;2024-07-13;2849;42
1754;1500.0;2024-07-21;3549;42
1755;750.0;2024-07-14;1696;42
1756;1275.0;2024-07-19;1188;42
1757;1350.0;2024-07-17;518;42
1758;750.0;2024-07-03;2829;42
1759;750.0;2024-07-05;2863;42
1760;975.0;2024-07-14;592;42
1761;735.0;2024-07-18;423;42
1762;750.0;2024-07-23;1647;42
1763;975.0;2024-07-08;623;42
1764;975.0;2024-07-06;1871;42
1765;735.0;2024-07-19;2290;42
1766;1275.0;2024-07-17;285;42
1767;975.0;2024-07-05;982;42
1768;1275.0;2024-07-22;686;42
1769;1275.0;2024-07-17;1319;42
1770;975.0;2024-07-07;2660;42
1771;1500.0;2024-07-20;1866;42
1772;1275.0;2024-07-07;3034;42
1773;750.0;2024-07-15;1868;42
1774;1350.0;2024-07-04;210;42
1775;750.0;2024-07-08;3832;42
1776;750.0;2024-07-04;2817;42
1777;1275.0;2024-07-16;3058;42
1778;975.0;2024-07-20;3066;42
1779;1350.0;2024-07-04;3539;42
1780;1000.0;2024-06-09;397;43
1781;500.0;2024-06-22;2277;43
1782;850.0;2024-05-31;581;43
1783;500.0;2024-06-17;2497;43
1784;750.0;2024-06-12;1074;43
1785;850.0;2024-06-16;1772;43
1786;650.0;2024-06-07;507;43
1787;500.0;2024-06-11;837;43
1788;850.0;2024-06-12;838;43
1789;490.0;2024-05-31;908;43
1790;500.0;2024-06-04;201;43
1791;500.0;2024-06-19;3462;43
1792;500.0;2024-06-01;339;43
1793;500.0;2024-06-03;3600;43
1794;500.0;2024-06-03;2890;43
1795;750.0;2024-06-12;934;43
1796;500.0;2024-06-04;188;43
1797;850.0;2024-06-01;3174;43
1798;650.0;2024-06-04;86;43
1799;850.0;2024-06-04;2989;43
1800;490.0;2024-06-06;2394;43
1801;650.0;2024-06-13;186;43
1802;1000.0;2024-06-18;540;43
1803;750.0;2024-06-01;1907;43
1804;900.0;2024-06-01;523;43
1805;500.0;2024-06-19;1971;43
1806;500.0;2024-06-01;2763;43
1807;1000.0;2024-06-11;1878;43
1808;500.0;2024-06-06;468;43
1809;500.0;2024-06-16;2264;43
1810;650.0;2024-06-09;100;43
1811;1000.0;2024-06-10;1518;43
1812;490.0;2024-06-08;2162;43
1813;900.0;2024-06-11;1458;43
1814;850.0;2024-06-20;625;43
1815;850.0;2024-06-20;1504;43
1816;1000.0;2024-06-20;2598;43
1817;650.0;2024-06-21;1752;43
1818;500.0;2024-06-19;2003;43
1819;650.0;2024-06-21;2688;43
1820;900.0;2024-06-17;3273;43
1821;1000.0;2024-06-08;2421;43
1822;500.0;2024-06-20;1388;43
1823;500.0;2024-06-16;2171;43
1824;900.0;2024-06-14;897;43
1825;500.0;2024-06-13;32;43
1826;1000.0;2024-06-18;605;43
1827;650.0;2024-06-07;2780;43
1828;490.0;2024-06-11;3237;43
1829;500.0;2024-06-03;110;43
1830;650.0;2024-06-08;128;43
1831;500.0;2024-06-05;2103;43
1832;650.0;2024-06-21;3071;43
1833;1000.0;2024-06-04;975;43
1834;850.0;2024-06-21;242;43
1835;850.0;2024-06-20;747;43
1836;500.0;2024-06-12;2731;43
1837;500.0;2024-06-19;234;43
1838;500.0;2024-06-04;167;43
1839;650.0;2024-06-03;1941;43
1840;850.0;2024-06-15;1452;43
1841;900.0;2024-06-17;3180;43
1842;500.0;2024-06-16;3306;43
1843;500.0;2024-06-12;1;43
1844;500.0;2024-06-08;3595;43
1845;500.0;2024-06-15;718;43
1846;500.0;2024-06-04;3170;43
1847;1700.0;2023-07-03;1192;44
1848;1500.0;2023-07-01;3073;44
1849;1000.0;2023-07-04;1991;44
1850;1800.0;2023-07-09;244;44
1851;1300.0;2023-07-14;2747;44
1852;980.0;2023-07-15;143;44
1853;1500.0;2023-07-07;2262;44
1854;1000.0;2023-07-22;849;44
1855;1700.0;2023-07-07;2881;44
1856;1000.0;2023-07-07;1032;44
1857;1000.0;2023-07-19;3502;44
1858;1500.0;2023-07-18;1586;44
1859;1700.0;2023-07-13;3585;44
1860;1000.0;2023-07-05;2139;44
1861;1000.0;2023-07-03;2427;44
1862;1000.0;2023-07-05;2902;44
1863;1800.0;2023-07-24;2102;44
1864;1500.0;2023-07-01;3497;44
1865;980.0;2023-07-15;1424;44
1866;1000.0;2023-07-13;2396;44
1867;1000.0;2023-07-16;512;44
1868;980.0;2023-07-05;1794;44
1869;1300.0;2023-07-04;2750;44
1870;1000.0;2023-07-19;3480;44
1871;2000.0;2023-07-23;2056;44
1872;1300.0;2023-07-22;740;44
1873;1300.0;2023-07-23;3658;44
1874;1800.0;2023-07-22;3039;44
1875;1000.0;2023-07-01;887;44
1876;1500.0;2023-07-04;1808;44
1877;2000.0;2023-07-10;2494;44
1878;1000.0;2023-07-02;3756;44
1879;1300.0;2023-07-11;3424;44
1880;1800.0;2023-07-08;3777;44
1881;1300.0;2023-07-01;3347;44
1882;1500.0;2023-07-21;3127;44
1883;1000.0;2023-07-04;14;44
1884;1000.0;2023-07-08;1489;44
1885;1000.0;2023-07-07;2298;44
1886;1000.0;2023-07-08;2976;44
1887;980.0;2023-07-12;1562;44
1888;1000.0;2023-07-22;3705;44
1889;1700.0;2023-07-01;3574;44
1890;1800.0;2023-07-09;2761;44
1891;1000.0;2023-07-19;1746;44
1892;1125.0;2024-08-02;354;45
1893;750.0;2024-08-15;539;45
1894;750.0;2024-08-18;1259;45
1895;750.0;2024-08-02;842;45
1896;1350.0;2024-08-02;3848;45
1897;750.0;2024-08-09;1574;45
1898;1125.0;2024-08-24;3489;45
1899;1275.0;2024-08-13;1170;45
1900;735.0;2024-08-09;2866;45
1901;1275.0;2024-08-09;972;45
1902;750.0;2024-08-21;2455;45
1903;750.0;2024-08-12;2117;45
1904;1350.0;2024-08-15;2543;45
1905;750.0;2024-08-15;3108;45
1906;1275.0;2024-08-07;1498;45
1907;1350.0;2024-08-19;3205;45
1908;1350.0;2024-08-19;2194;45
1909;1125.0;2024-08-20;2857;45
1910;975.0;2024-08-19;2611;45
1911;750.0;2024-08-09;609;45
1912;1275.0;2024-08-22;2461;45
1913;1500.0;2024-08-03;2674;45
1914;750.0;2024-08-08;2559;45
1915;1125.0;2024-08-17;716;45
1916;750.0;2024-08-02;93;45
1917;750.0;2024-08-16;2535;45
1918;975.0;2024-08-04;1144;45
1919;1125.0;2024-08-20;719;45
1920;735.0;2024-08-17;78;45
1921;750.0;2024-08-07;1342;45
1922;975.0;2024-08-23;1268;45
1923;975.0;2024-08-05;1058;45
1924;750.0;2024-08-10;2651;45
1925;975.0;2024-06-09;1814;46
1926;1125.0;2024-06-18;228;46
1927;975.0;2024-06-12;137;46
1928;1275.0;2024-06-22;2143;46
1929;1125.0;2024-06-12;3664;46
1930;750.0;2024-06-10;3401;46
1931;1350.0;2024-06-11;1790;46
1932;735.0;2024-06-11;3716;46
1933;1125.0;2024-06-06;2081;46
1934;750.0;2024-06-15;3592;46
1935;750.0;2024-06-04;5;46
1936;735.0;2024-06-03;3791;46
1937;1275.0;2024-06-01;433;46
1938;1125.0;2024-06-12;2756;46
1939;975.0;2024-06-04;3515;46
1940;1500.0;2024-06-02;800;46
1941;1275.0;2024-06-20;1037;46
1942;1125.0;2024-06-17;3845;46
1943;750.0;2024-06-23;214;46
1944;750.0;2024-06-11;2808;46
1945;750.0;2024-06-23;1032;46
1946;750.0;2024-06-19;3524;46
1947;975.0;2024-06-22;991;46
1948;1500.0;2024-06-22;1426;46
1949;1125.0;2024-06-09;2701;46
1950;1275.0;2024-06-17;346;46
1951;1500.0;2024-06-13;3423;46
1952;1275.0;2024-06-19;3031;46
1953;975.0;2024-06-20;2518;46
1954;1500.0;2024-06-22;197;46
1955;750.0;2024-06-21;2412;46
1956;1275.0;2024-06-06;2101;46
1957;735.0;2024-06-14;2868;46
1958;1500.0;2024-06-22;2451;46
1959;1125.0;2024-06-16;724;46
1960;1125.0;2024-06-12;270;46
1961;750.0;2024-06-10;3433;46
1962;1500.0;2024-06-23;3702;46
1963;750.0;2024-06-20;3818;46
1964;735.0;2024-06-14;2679;46
1965;1125.0;2024-06-09;3639;46
1966;1125.0;2024-06-12;3250;46
1967;975.0;2024-06-13;2703;46
1968;750.0;2024-06-03;3201;46
1969;750.0;2024-06-22;3628;46
1970;1350.0;2024-06-21;2098;46
1971;735.0;2024-06-04;790;46
1972;750.0;2024-06-23;1937;46
1973;975.0;2024-06-18;3817;46
1974;750.0;2024-06-04;2986;46
1975;1350.0;2024-05-31;3345;46
1976;1125.0;2024-06-18;3813;46
1977;750.0;2024-06-02;2836;46
1978;750.0;2024-06-01;2512;46
1979;1900.0;2023-09-17;2459;47
1980;1900.0;2023-09-11;1987;47
1981;950.0;2023-09-01;2904;47
1982;931.0;2023-09-03;2870;47
1983;950.0;2023-08-31;2903;47
1984;1900.0;2023-09-06;1626;47
1985;950.0;2023-09-03;1664;47
1986;1615.0;2023-09-18;466;47
1987;950.0;2023-09-07;1310;47
1988;1900.0;2023-09-15;1591;47
1989;950.0;2023-09-01;1515;47
1990;1900.0;2023-09-04;148;47
1991;1615.0;2023-09-22;3693;47
1992;1900.0;2023-09-15;372;47
1993;931.0;2023-09-21;3577;47
1994;1710.0;2023-09-07;2247;47
1995;1425.0;2023-09-21;1464;47
1996;950.0;2023-09-12;35;47
1997;950.0;2023-09-18;2436;47
1998;950.0;2023-09-12;2865;47
1999;1235.0;2023-09-18;3036;47
2000;1425.0;2023-09-18;2189;47
2001;1235.0;2023-09-12;1948;47
2002;1900.0;2023-09-05;2606;47
2003;1425.0;2023-09-09;290;47
2004;1235.0;2023-09-13;469;47
2005;950.0;2023-09-15;2964;47
2006;1615.0;2023-09-07;2473;47
2007;950.0;2023-09-20;3251;47
2008;950.0;2023-09-13;1384;47
2009;1235.0;2023-09-02;2369;47
2010;950.0;2023-08-31;309;47
2011;950.0;2023-09-22;1791;47
2012;950.0;2023-09-09;2636;47
2013;950.0;2023-09-19;247;47
2014;931.0;2023-09-13;1964;47
2015;950.0;2023-08-31;2548;47
2016;950.0;2023-09-12;1470;47
2017;1425.0;2023-09-22;737;47
2018;1425.0;2023-09-05;2894;47
2019;1710.0;2023-09-09;2832;47
2020;1615.0;2023-09-10;1945;47
2021;950.0;2023-09-07;1799;47
2022;1710.0;2023-09-14;2389;47
2023;1900.0;2023-09-15;985;47
2024;1615.0;2023-09-05;2315;47
2025;1710.0;2023-09-10;98;47
2026;950.0;2023-09-16;274;47
2027;1710.0;2023-09-07;3033;47
2028;931.0;2023-09-03;36;47
2029;950.0;2023-09-22;3633;47
2030;1235.0;2023-09-18;2971;47
2031;950.0;2023-09-10;1768;47
2032;931.0;2023-09-11;1254;47
2033;1710.0;2023-09-09;3527;47
2034;1615.0;2023-09-14;452;47
2035;950.0;2023-09-17;2007;47
2036;1710.0;2023-09-12;2190;47
2037;1710.0;2023-09-01;684;47
2038;1900.0;2023-09-19;672;47
2039;1425.0;2023-09-05;2526;47
2040;1615.0;2023-09-17;449;47
2041;950.0;2023-09-13;1005;47
2042;1275.0;2024-08-12;3500;48
2043;1275.0;2024-08-01;412;48
2044;833.0;2024-08-14;3332;48
2045;850.0;2024-08-24;3294;48
2046;1445.0;2024-08-13;3184;48
2047;1530.0;2024-08-21;998;48
2048;850.0;2024-08-14;1973;48
2049;1530.0;2024-08-11;80;48
2050;850.0;2024-08-13;950;48
2051;1530.0;2024-08-21;2953;48
2052;850.0;2024-08-02;916;48
2053;850.0;2024-08-05;2242;48
2054;833.0;2024-08-19;2993;48
2055;833.0;2024-08-17;911;48
2056;850.0;2024-08-19;472;48
2057;1445.0;2024-08-05;2022;48
2058;1275.0;2024-08-19;682;48
2059;1445.0;2024-08-02;3473;48
2060;833.0;2024-08-24;1566;48
2061;833.0;2024-08-18;1305;48
2062;1530.0;2024-08-06;2247;48
2063;850.0;2024-08-02;2802;48
2064;850.0;2024-08-07;2445;48
2065;1530.0;2024-08-06;1959;48
2066;1105.0;2024-08-19;2900;48
2067;1700.0;2024-08-08;1717;48
2068;1275.0;2024-08-12;3593;48
2069;450.0;2024-08-14;2289;49
2070;450.0;2024-08-20;1967;49
2071;450.0;2024-08-16;2994;49
2072;450.0;2024-08-14;942;49
2073;450.0;2024-08-11;2594;49
2074;810.0;2024-08-08;822;49
2075;585.0;2024-08-06;2855;49
2076;450.0;2024-08-22;1971;49
2077;765.0;2024-08-10;2906;49
2078;675.0;2024-08-06;3813;49
2079;450.0;2024-08-18;40;49
2080;900.0;2024-08-09;1866;49
2081;765.0;2024-08-22;3701;49
2082;765.0;2024-08-03;2871;49
2083;450.0;2024-08-07;1286;49
2084;585.0;2024-08-01;2409;49
2085;675.0;2024-08-22;3593;49
2086;450.0;2024-08-04;1837;49
2087;441.0;2024-08-04;3552;49
2088;450.0;2024-08-21;1147;49
2089;450.0;2024-08-08;869;49
2090;585.0;2024-08-16;186;49
2091;810.0;2024-08-13;1642;49
2092;765.0;2024-08-11;1192;49
2093;450.0;2024-08-05;2280;49
2094;450.0;2024-08-07;1746;49
2095;441.0;2024-08-11;3198;49
2096;450.0;2024-08-20;840;49
2097;450.0;2024-08-12;3760;49
2098;675.0;2024-08-06;3147;49
2099;450.0;2024-08-22;496;49
2100;441.0;2024-08-11;2437;49
2101;450.0;2024-08-08;1532;49
2102;1200.0;2023-06-20;1704;50
2103;2040.0;2023-06-21;2508;50
2104;1800.0;2023-06-04;1951;50
2105;1800.0;2023-06-13;1293;50
2106;1200.0;2023-06-05;2605;50
2107;2160.0;2023-06-07;693;50
2108;2160.0;2023-06-18;447;50
2109;1560.0;2023-06-16;2296;50
2110;2400.0;2023-06-10;3261;50
2111;2160.0;2023-06-15;322;50
2112;1560.0;2023-06-10;1219;50
2113;1200.0;2023-06-08;2161;50
2114;1200.0;2023-06-04;3045;50
2115;1200.0;2023-06-06;2813;50
2116;1800.0;2023-06-08;708;50
2117;2040.0;2023-06-13;633;50
2118;2040.0;2023-06-16;3540;50
2119;1800.0;2023-06-02;2551;50
2120;1800.0;2023-06-01;2630;50
2121;1560.0;2023-06-04;337;50
2122;1200.0;2023-06-16;2206;50
2123;1800.0;2023-06-11;3229;50
2124;1560.0;2023-06-18;2937;50
2125;2400.0;2023-06-15;2923;50
2126;1200.0;2023-06-04;3074;50
2127;1560.0;2023-06-05;2352;50
2128;2160.0;2023-06-17;2947;50
2129;1560.0;2023-06-19;63;50
2130;1200.0;2023-06-22;2193;50
2131;2400.0;2023-06-19;1445;50
2132;1200.0;2023-06-16;2148;50
2133;1800.0;2023-06-14;290;50
2134;1800.0;2023-06-06;904;50
2135;1200.0;2023-06-07;2187;50
2136;1350.0;2024-08-23;501;51
2137;1350.0;2024-08-09;676;51
2138;1275.0;2024-08-07;3091;51
2139;735.0;2024-08-08;54;51
2140;975.0;2024-08-09;33;51
2141;750.0;2024-08-08;3509;51
2142;975.0;2024-08-12;127;51
2143;750.0;2024-08-07;700;51
2144;750.0;2024-08-01;3498;51
2145;1350.0;2024-08-10;2762;51
2146;750.0;2024-08-14;487;51
2147;1125.0;2024-08-24;727;51
2148;735.0;2024-08-04;3206;51
2149;1275.0;2024-08-18;1390;51
2150;735.0;2024-08-17;3490;51
2151;750.0;2024-08-11;2367;51
2152;735.0;2024-08-19;2063;51
2153;750.0;2024-08-05;2277;51
2154;735.0;2024-08-02;2248;51
2155;975.0;2024-08-12;2432;51
2156;1500.0;2024-08-19;902;51
2157;750.0;2024-08-06;830;51
2158;1500.0;2024-08-12;2963;51
2159;1125.0;2024-08-21;1010;51
2160;750.0;2024-08-10;893;51
2161;1275.0;2024-08-10;1539;51
2162;735.0;2024-08-11;3281;51
2163;1350.0;2024-08-10;628;51
2164;735.0;2024-08-17;710;51
2165;735.0;2024-08-20;1059;51
2166;1500.0;2024-08-20;3696;51
2167;975.0;2024-08-16;2959;51
2168;1275.0;2024-08-06;1450;51
2169;1500.0;2024-08-05;672;51
2170;1350.0;2024-08-21;2415;51
2171;750.0;2024-08-20;2014;51
2172;735.0;2024-08-09;3571;51
2173;750.0;2024-08-09;379;51
2174;1275.0;2024-08-01;1294;51
2175;1275.0;2024-08-17;2871;51
2176;1125.0;2024-08-09;1023;51
2177;975.0;2024-08-01;1334;51
2178;1350.0;2024-08-23;1079;51
2179;975.0;2024-08-18;1553;51
2180;750.0;2024-08-08;3162;51
2181;975.0;2024-08-04;3802;51
2182;1275.0;2024-08-07;242;51
2183;1350.0;2024-06-12;3777;52
2184;1500.0;2024-06-06;3029;52
2185;750.0;2024-06-04;2908;52
2186;975.0;2024-06-07;2540;52
2187;750.0;2024-06-18;2794;52
2188;1275.0;2024-06-21;1399;52
2189;750.0;2024-06-01;145;52
2190;750.0;2024-06-01;104;52
2191;750.0;2024-06-23;3114;52
2192;1275.0;2024-06-08;2341;52
2193;735.0;2024-06-14;480;52
2194;1500.0;2024-06-08;3533;52
2195;975.0;2024-06-11;1779;52
2196;750.0;2024-05-31;438;52
2197;750.0;2024-06-18;756;52
2198;750.0;2024-06-09;1435;52
2199;1500.0;2024-06-13;1344;52
2200;750.0;2024-06-10;869;52
2201;750.0;2024-06-14;472;52
2202;750.0;2024-06-02;2685;52
2203;1500.0;2024-06-15;3508;52
2204;1350.0;2024-06-18;1107;52
2205;975.0;2024-06-11;3285;52
2206;750.0;2024-06-09;3249;52
2207;1275.0;2024-06-04;699;52
2208;1275.0;2024-05-31;2332;52
2209;735.0;2024-06-17;938;52
2210;750.0;2024-06-16;200;52
2211;975.0;2024-06-21;949;52
2212;735.0;2024-06-16;3758;52
2213;1125.0;2024-06-04;1505;52
2214;1125.0;2024-06-05;1406;52
2215;1500.0;2024-06-06;2422;52
2216;1125.0;2024-06-06;737;52
2217;750.0;2024-06-23;1214;52
2218;450.0;2024-08-16;364;53
2219;450.0;2024-08-07;199;53
2220;450.0;2024-08-23;2090;53
2221;450.0;2024-08-05;2260;53
2222;585.0;2024-08-08;2661;53
2223;900.0;2024-08-14;197;53
2224;450.0;2024-08-12;2690;53
2225;765.0;2024-08-22;2276;53
2226;450.0;2024-08-22;3140;53
2227;675.0;2024-08-22;688;53
2228;675.0;2024-08-19;1981;53
2229;810.0;2024-08-16;2641;53
2230;450.0;2024-08-15;2306;53
2231;441.0;2024-08-15;2927;53
2232;810.0;2024-08-11;2546;53
2233;900.0;2024-08-11;2673;53
2234;900.0;2024-08-04;3422;53
2235;810.0;2024-08-12;1218;53
2236;900.0;2024-08-01;225;53
2237;675.0;2024-08-18;1665;53
2238;675.0;2024-08-19;2756;53
2239;900.0;2024-08-01;901;53
2240;585.0;2024-08-18;599;53
2241;450.0;2024-08-11;3371;53
2242;450.0;2024-08-22;3600;53
2243;765.0;2024-08-21;1975;53
2244;810.0;2024-08-07;602;53
2245;810.0;2024-08-03;244;53
2246;450.0;2024-08-09;3625;53
2247;450.0;2024-08-21;1417;53
2248;450.0;2024-08-06;571;53
2249;900.0;2024-08-24;865;53
2250;675.0;2024-08-09;793;53
2251;450.0;2024-08-18;462;53
2252;675.0;2024-08-02;283;53
2253;765.0;2024-08-03;1327;53
2254;450.0;2024-08-10;2807;53
2255;450.0;2024-08-09;1207;53
2256;450.0;2024-08-20;2503;53
2257;450.0;2024-08-18;3674;53
2258;765.0;2024-08-19;1381;53
2259;765.0;2024-08-21;1463;53
2260;900.0;2024-08-03;2987;53
2261;765.0;2024-08-11;1613;53
2262;765.0;2024-08-22;1793;53
2263;450.0;2024-08-22;2453;53
2264;441.0;2024-08-13;1457;53
2265;765.0;2024-08-06;1723;53
2266;765.0;2024-08-15;3379;53
2267;450.0;2024-08-04;2007;53
2268;450.0;2024-08-10;441;53
2269;450.0;2024-08-11;1050;53
2270;450.0;2024-08-19;3818;53
2271;450.0;2024-08-17;3720;53
2272;810.0;2024-08-07;2431;53
2273;585.0;2024-08-15;1531;53
2274;765.0;2024-08-17;1333;53
2275;1615.0;2023-09-11;3132;54
2276;1235.0;2023-09-18;2703;54
2277;1425.0;2023-09-06;3500;54
2278;950.0;2023-09-16;3765;54
2279;1235.0;2023-09-13;1394;54
2280;1710.0;2023-09-04;963;54
2281;931.0;2023-09-04;1614;54
2282;950.0;2023-09-17;465;54
2283;1235.0;2023-09-14;2719;54
2284;1235.0;2023-09-09;162;54
2285;950.0;2023-09-08;1283;54
2286;1615.0;2023-09-19;3379;54
2287;1425.0;2023-09-21;4;54
2288;931.0;2023-09-13;3518;54
2289;950.0;2023-09-17;1609;54
2290;1235.0;2023-09-15;2645;54
2291;931.0;2023-09-21;2330;54
2292;1900.0;2023-09-19;220;54
2293;950.0;2023-09-09;2763;54
2294;1900.0;2023-09-23;1977;54
2295;950.0;2023-09-06;1551;54
2296;1615.0;2023-09-16;1073;54
2297;950.0;2023-09-15;1731;54
2298;1615.0;2023-09-19;1960;54
2299;1425.0;2023-09-02;2574;54
2300;931.0;2023-09-16;845;54
2301;1425.0;2023-09-15;2241;54
2302;950.0;2023-09-06;3185;54
2303;931.0;2023-09-19;764;54
2304;1615.0;2023-09-09;1447;54
2305;1900.0;2023-09-22;1487;54
2306;950.0;2023-09-04;462;54
2307;950.0;2023-09-17;1928;54
2308;931.0;2023-09-21;2162;54
2309;950.0;2023-09-13;3449;54
2310;950.0;2023-09-14;2724;54
2311;950.0;2023-09-22;2578;54
2312;1615.0;2023-09-22;3165;54
2313;1235.0;2023-09-10;855;54
2314;931.0;2023-09-21;1738;54
2315;950.0;2023-09-06;1328;54
2316;1235.0;2023-09-11;3066;54
2317;1710.0;2023-09-03;187;54
2318;1710.0;2023-09-12;914;54
2319;1235.0;2023-09-03;2667;54
2320;1235.0;2023-09-02;2876;54
2321;950.0;2023-09-08;420;54
2322;950.0;2023-09-08;932;54
2323;1235.0;2023-09-03;1186;54
2324;1425.0;2023-09-02;2590;54
2325;950.0;2023-09-11;907;54
2326;950.0;2023-09-02;803;54
2327;1615.0;2023-09-20;328;54
2328;950.0;2023-09-03;1448;54
2329;931.0;2023-09-12;3520;54
2330;1710.0;2023-09-18;219;54
2331;1235.0;2023-09-16;1392;54
2332;950.0;2023-09-02;488;54
2333;950.0;2023-09-07;323;54
2334;1125.0;2023-06-06;1628;55
2335;750.0;2023-06-03;2685;55
2336;1125.0;2023-06-11;2659;55
2337;1500.0;2023-05-31;1591;55
2338;750.0;2023-06-04;574;55
2339;1350.0;2023-06-06;1000;55
2340;750.0;2023-06-16;2544;55
2341;1275.0;2023-06-17;3691;55
2342;750.0;2023-06-23;1836;55
2343;1125.0;2023-06-19;1579;55
2344;750.0;2023-06-09;56;55
2345;1125.0;2023-06-08;2209;55
2346;1275.0;2023-06-18;2906;55
2347;750.0;2023-06-13;2814;55
2348;1275.0;2023-06-07;1452;55
2349;1275.0;2023-06-19;320;55
2350;735.0;2023-06-09;2371;55
2351;1350.0;2023-06-17;2072;55
2352;975.0;2023-06-16;2380;55
2353;735.0;2023-06-02;3754;55
2354;1500.0;2023-06-11;3653;55
2355;975.0;2023-06-19;878;55
2356;975.0;2023-06-22;2748;55
2357;1125.0;2023-06-22;708;55
2358;750.0;2023-06-11;1276;55
2359;750.0;2023-06-23;1128;55
2360;931.0;2024-07-17;2573;56
2361;1235.0;2024-07-18;2523;56
2362;1235.0;2024-07-04;1833;56
2363;1425.0;2024-07-03;335;56
2364;1900.0;2024-07-19;2613;56
2365;1235.0;2024-07-04;1943;56
2366;1615.0;2024-07-04;3225;56
2367;950.0;2024-07-08;1852;56
2368;1425.0;2024-07-10;2751;56
2369;1900.0;2024-07-09;2816;56
2370;931.0;2024-07-08;1690;56
2371;1710.0;2024-07-19;1642;56
2372;931.0;2024-07-03;3440;56
2373;1710.0;2024-07-07;2047;56
2374;950.0;2024-07-16;108;56
2375;950.0;2024-07-07;2619;56
2376;1615.0;2024-07-14;1594;56
2377;931.0;2024-07-22;2637;56
2378;1710.0;2024-07-06;2707;56
2379;1235.0;2024-07-10;471;56
2380;931.0;2024-07-13;2266;56
2381;950.0;2024-07-16;188;56
2382;1710.0;2024-07-08;1842;56
2383;950.0;2024-07-10;907;56
2384;1900.0;2024-07-20;1295;56
2385;950.0;2024-07-21;336;56
2386;1710.0;2024-07-19;1000;56
2387;1710.0;2024-07-18;918;56
2388;950.0;2024-07-02;1337;56
2389;1710.0;2024-07-11;1932;56
2390;931.0;2024-07-13;1612;56
2391;1710.0;2024-07-06;1654;56
2392;931.0;2024-07-21;3842;56
2393;1615.0;2024-07-17;2071;56
2394;950.0;2024-07-21;1280;56
2395;931.0;2024-07-23;604;56
2396;1900.0;2024-07-07;1487;56
2397;950.0;2024-07-11;1029;56
2398;1900.0;2024-07-17;2656;56
2399;1615.0;2024-07-09;1578;56
2400;1425.0;2024-07-09;2448;56
2401;1235.0;2024-07-16;3369;56
2402;950.0;2024-07-14;1799;56
2403;1235.0;2024-07-16;1162;56
2404;931.0;2024-07-03;764;56
2405;1615.0;2024-07-19;1498;56
2406;950.0;2024-07-19;577;56
2407;950.0;2024-07-05;2064;56
2408;1710.0;2024-07-02;2204;56
2409;1615.0;2024-07-14;2600;56
2410;950.0;2024-07-16;448;56
2411;931.0;2024-07-21;1680;56
2412;1425.0;2024-07-07;3229;56
2413;1200.0;2024-09-20;2665;57
2414;1176.0;2024-09-04;1896;57
2415;1200.0;2024-08-31;534;57
2416;1176.0;2024-09-23;2452;57
2417;1800.0;2024-09-09;2323;57
2418;2400.0;2024-09-10;3824;57
2419;2400.0;2024-09-03;3239;57
2420;1176.0;2024-09-14;2290;57
2421;1200.0;2024-09-19;782;57
2422;1200.0;2024-09-18;3053;57
2423;1800.0;2024-09-17;1816;57
2424;2400.0;2024-09-18;2177;57
2425;1800.0;2024-09-19;1984;57
2426;1176.0;2024-09-22;2244;57
2427;1200.0;2024-09-17;1684;57
2428;1200.0;2024-09-06;1550;57
2429;1560.0;2024-09-11;2130;57
2430;2400.0;2024-09-11;3422;57
2431;1200.0;2024-09-09;2638;57
2432;1200.0;2024-09-07;173;57
2433;1200.0;2024-09-01;3700;57
2434;2040.0;2024-08-31;2919;57
2435;2400.0;2024-09-08;3017;57
2436;2160.0;2024-08-31;2884;57
2437;1200.0;2024-09-05;172;57
2438;1200.0;2024-09-14;1132;57
2439;1560.0;2024-09-04;1268;57
2440;2040.0;2024-09-05;3232;57
2441;1800.0;2024-09-11;3028;57
2442;1560.0;2024-09-05;2757;57
2443;2160.0;2024-09-19;1198;57
2444;1200.0;2024-09-06;1864;57
2445;1200.0;2024-09-20;2737;57
2446;1560.0;2024-09-18;1250;57
2447;2040.0;2024-09-16;725;57
2448;1200.0;2024-09-14;2964;57
2449;1560.0;2024-09-04;766;57
2450;1176.0;2024-09-22;1958;57
2451;2040.0;2024-09-09;762;57
2452;2400.0;2024-09-23;225;57
2453;2160.0;2024-08-31;607;57
2454;1200.0;2024-09-10;3432;57
2455;2400.0;2024-09-21;1717;57
2456;1176.0;2024-09-20;2967;57
2457;1560.0;2024-09-13;1108;57
2458;1200.0;2024-09-04;1027;57
2459;2160.0;2024-09-08;1959;57
2460;1800.0;2024-09-21;1570;57
2461;1200.0;2024-09-15;526;57
2462;2160.0;2024-09-21;1159;57
2463;1200.0;2024-09-13;814;57
2464;2400.0;2024-09-20;1963;57
2465;1200.0;2024-09-21;2187;57
2466;1200.0;2024-09-13;2404;57
2467;2500.0;2024-06-01;644;58
2468;2500.0;2024-06-02;457;58
2469;4250.0;2024-06-09;880;58
2470;2500.0;2024-06-20;385;58
2471;3250.0;2024-06-10;1189;58
2472;2500.0;2024-06-17;295;58
2473;4250.0;2024-05-31;3438;58
2474;4250.0;2024-06-07;3175;58
2475;2500.0;2024-06-05;3216;58
2476;3750.0;2024-06-08;3256;58
2477;2500.0;2024-06-17;93;58
2478;2450.0;2024-06-04;812;58
2479;2450.0;2024-06-01;2631;58
2480;4250.0;2024-06-03;245;58
2481;4250.0;2024-06-14;403;58
2482;2500.0;2024-06-23;3094;58
2483;3250.0;2024-06-20;101;58
2484;2500.0;2024-06-18;1646;58
2485;2500.0;2024-06-19;2447;58
2486;4500.0;2024-06-18;3004;58
2487;3250.0;2024-06-08;63;58
2488;2500.0;2024-06-19;1828;58
2489;4250.0;2024-06-09;2639;58
2490;5000.0;2024-06-07;1624;58
2491;3750.0;2024-06-10;1021;58
2492;3750.0;2024-06-15;3095;58
2493;3250.0;2024-06-06;1622;58
2494;2500.0;2024-06-09;2799;58
2495;2500.0;2024-06-18;1724;58
2496;4250.0;2024-06-12;3247;58
2497;3250.0;2024-06-02;2179;58
2498;2500.0;2024-05-31;3561;58
2499;2500.0;2024-06-08;2280;58
2500;2500.0;2024-06-11;2897;58
2501;2500.0;2024-06-09;2863;58
2502;3750.0;2024-06-09;559;58
2503;5000.0;2024-06-06;1844;58
2504;2500.0;2024-06-07;3119;58
2505;2450.0;2024-06-16;2812;58
2506;3750.0;2024-06-15;3489;58
2507;3750.0;2024-06-19;1885;58
2508;3250.0;2024-06-11;2848;58
2509;4500.0;2024-06-21;877;58
2510;3250.0;2024-06-08;982;58
2511;2450.0;2024-06-02;1017;58
2512;3250.0;2024-06-15;3220;58
2513;4500.0;2024-06-15;440;58
2514;2500.0;2024-06-12;134;58
2515;5000.0;2024-06-15;1992;58
2516;3250.0;2024-06-13;192;58
2517;4250.0;2024-06-01;2797;58
2518;3750.0;2024-06-03;1252;58
2519;3750.0;2024-06-17;707;58
2520;4250.0;2024-06-11;2226;58
2521;2450.0;2024-06-14;2727;58
2522;2500.0;2024-06-09;149;58
2523;2500.0;2024-06-16;1962;58
2524;2500.0;2024-06-04;3063;58
2525;2500.0;2024-06-06;2049;58
2526;750.0;2024-09-23;1435;59
2527;750.0;2024-09-12;3294;59
2528;750.0;2024-09-12;3822;59
2529;1350.0;2024-09-11;1627;59
2530;750.0;2024-09-03;1493;59
2531;975.0;2024-09-15;2504;59
2532;975.0;2024-09-18;2028;59
2533;1275.0;2024-09-08;245;59
2534;750.0;2024-09-05;929;59
2535;1500.0;2024-09-20;3296;59
2536;1125.0;2024-09-12;1437;59
2537;1125.0;2024-09-21;1052;59
2538;975.0;2024-09-02;1144;59
2539;1275.0;2024-09-03;1315;59
2540;735.0;2024-09-18;2008;59
2541;735.0;2024-08-31;1382;59
2542;1275.0;2024-09-02;1713;59
2543;1125.0;2024-09-23;142;59
2544;975.0;2024-09-15;1847;59
2545;750.0;2024-09-23;1040;59
2546;1350.0;2024-09-20;3823;59
2547;1125.0;2024-09-20;614;59
2548;750.0;2024-09-16;801;59
2549;975.0;2024-09-16;454;59
2550;750.0;2024-09-09;57;59
2551;1500.0;2024-09-05;2386;59
2552;750.0;2024-09-02;14;59
2553;1350.0;2024-09-06;2498;59
2554;750.0;2024-09-02;3367;59
2555;975.0;2024-09-13;2479;59
2556;975.0;2024-09-03;3394;59
2557;1350.0;2024-09-10;877;59
2558;975.0;2024-09-17;1502;59
2559;1275.0;2024-09-03;2226;59
2560;750.0;2024-09-14;2706;59
2561;1350.0;2024-09-23;3271;59
2562;750.0;2024-09-21;873;59
2563;975.0;2024-09-10;3721;59
2564;750.0;2024-09-09;472;59
2565;2000.0;2023-08-17;1235;60
2566;1800.0;2023-08-03;3403;60
2567;1700.0;2023-08-15;2861;60
2568;1800.0;2023-08-09;1455;60
2569;1000.0;2023-08-02;2731;60
2570;1000.0;2023-08-15;2009;60
2571;1500.0;2023-08-04;2407;60
2572;1000.0;2023-08-20;3806;60
2573;1700.0;2023-08-08;1114;60
2574;1700.0;2023-08-24;1093;60
2575;1700.0;2023-08-03;751;60
2576;1000.0;2023-08-07;419;60
2577;980.0;2023-08-02;3535;60
2578;1500.0;2023-08-17;2889;60
2579;1500.0;2023-08-15;1042;60
2580;1000.0;2023-08-09;282;60
2581;1000.0;2023-08-07;2172;60
2582;1000.0;2023-08-08;145;60
2583;1000.0;2023-08-19;700;60
2584;1000.0;2023-08-09;460;60
2585;1000.0;2023-08-18;2206;60
2586;1500.0;2023-08-11;1199;60
2587;980.0;2023-08-14;2853;60
2588;1000.0;2023-08-06;1836;60
2589;980.0;2023-08-02;1305;60
2590;1000.0;2023-08-13;456;60
2591;1700.0;2023-08-23;1763;60
2592;1000.0;2023-08-13;2531;60
2593;1500.0;2023-08-12;3016;60
2594;1000.0;2023-08-14;2793;60
2595;1500.0;2023-08-18;1701;60
2596;2000.0;2023-08-05;2058;60
2597;1000.0;2023-08-14;2038;60
2598;1700.0;2023-08-06;3090;60
2599;1800.0;2023-08-23;1575;60
2600;980.0;2023-08-08;485;60
2601;1300.0;2023-08-13;675;60
2602;1000.0;2023-08-05;158;60
2603;1700.0;2023-08-23;762;60
2604;1000.0;2023-08-10;2453;60
2605;1800.0;2023-08-16;1312;60
2606;1300.0;2023-08-22;272;60
2607;1000.0;2023-08-16;516;60
2608;1500.0;2023-08-12;3522;60
2609;1000.0;2023-08-17;3094;60
2610;1700.0;2023-08-23;2141;60
2611;1000.0;2023-08-06;1822;60
2612;1700.0;2023-08-04;3060;60
2613;980.0;2023-08-22;3537;60
2614;1300.0;2023-08-13;3630;60
2615;1700.0;2023-08-12;3419;60
2616;1000.0;2023-08-24;842;60
2617;1300.0;2023-08-24;3736;60
2618;980.0;2023-08-15;1224;60
2619;1000.0;2023-08-12;355;60
2620;1275.0;2024-07-01;1809;61
2621;750.0;2024-07-14;16;61
2622;1275.0;2024-07-23;1815;61
2623;1275.0;2024-07-01;2312;61
2624;735.0;2024-07-24;3183;61
2625;1500.0;2024-07-16;2787;61
2626;1125.0;2024-07-19;304;61
2627;1500.0;2024-07-09;394;61
2628;750.0;2024-07-11;3683;61
2629;750.0;2024-07-08;2076;61
2630;750.0;2024-07-10;2438;61
2631;1125.0;2024-07-02;1241;61
2632;1125.0;2024-07-16;2025;61
2633;1500.0;2024-07-21;1500;61
2634;975.0;2024-07-14;831;61
2635;750.0;2024-07-19;2231;61
2636;750.0;2024-07-24;1912;61
2637;735.0;2024-07-14;882;61
2638;750.0;2024-07-22;736;61
2639;1275.0;2024-07-21;835;61
2640;750.0;2024-07-14;1091;61
2641;1275.0;2024-07-14;2725;61
2642;1275.0;2024-07-24;2491;61
2643;1275.0;2024-07-01;2158;61
2644;1275.0;2024-07-09;76;61
2645;1500.0;2024-07-05;1209;61
2646;1275.0;2024-07-06;3246;61
2647;1350.0;2024-07-12;914;61
2648;1350.0;2024-07-03;3441;61
2649;750.0;2024-07-23;2434;61
2650;750.0;2024-07-08;1747;61
2651;1275.0;2024-07-24;1763;61
2652;1350.0;2024-07-12;3155;61
2653;1275.0;2024-07-22;1639;61
2654;750.0;2024-07-18;3780;61
2655;1350.0;2024-07-18;1159;61
2656;400.0;2024-09-08;1748;62
2657;400.0;2024-09-02;3470;62
2658;400.0;2024-09-22;234;62
2659;520.0;2024-09-18;425;62
2660;720.0;2024-09-17;2362;62
2661;720.0;2024-09-07;2232;62
2662;680.0;2024-09-03;2989;62
2663;400.0;2024-09-13;1115;62
2664;400.0;2024-09-01;3437;62
2665;680.0;2024-09-09;2101;62
2666;400.0;2024-09-08;2994;62
2667;680.0;2024-09-09;2508;62
2668;392.0;2024-09-15;3587;62
2669;720.0;2024-09-03;963;62
2670;400.0;2024-09-23;1005;62
2671;400.0;2024-09-01;654;62
2672;400.0;2024-09-07;135;62
2673;600.0;2024-09-07;1885;62
2674;400.0;2024-09-14;378;62
2675;400.0;2024-09-07;664;62
2676;600.0;2024-09-22;2800;62
2677;600.0;2024-09-16;253;62
2678;680.0;2024-09-07;1838;62
2679;520.0;2024-09-13;2352;62
2680;600.0;2024-09-17;1919;62
2681;600.0;2024-09-04;3620;62
2682;600.0;2024-09-03;806;62
2683;800.0;2024-09-20;48;62
2684;680.0;2024-09-20;3523;62
2685;600.0;2024-09-11;738;62
2686;720.0;2024-09-02;2552;62
2687;520.0;2024-09-14;69;62
2688;400.0;2024-09-16;402;62
2689;600.0;2024-09-14;2401;62
2690;400.0;2024-09-05;2487;62
2691;600.0;2024-09-03;2895;62
2692;600.0;2024-09-17;1042;62
2693;800.0;2024-09-07;973;62
2694;392.0;2024-08-31;2632;62
2695;800.0;2024-09-17;969;62
2696;400.0;2024-09-09;2880;62
2697;720.0;2024-09-21;3435;62
2698;680.0;2024-09-17;757;62
2699;520.0;2024-09-23;999;62
2700;680.0;2024-09-02;2197;62
2701;400.0;2024-09-23;1434;62
2702;400.0;2024-09-17;3417;62
2703;400.0;2024-09-11;1647;62
2704;400.0;2024-09-16;3807;62
2705;392.0;2024-09-01;2837;62
2706;600.0;2024-09-21;3413;62
2707;680.0;2024-09-22;627;62
2708;400.0;2024-09-09;566;62
2709;520.0;2024-09-03;2667;62
2710;400.0;2024-09-01;608;62
2711;400.0;2024-09-13;916;62
2712;750.0;2024-09-23;1375;63
2713;975.0;2024-09-01;374;63
2714;1350.0;2024-09-10;2926;63
2715;750.0;2024-09-02;1063;63
2716;735.0;2024-09-16;1559;63
2717;1125.0;2024-09-02;1228;63
2718;750.0;2024-09-01;1802;63
2719;750.0;2024-09-21;1854;63
2720;750.0;2024-09-21;1704;63
2721;735.0;2024-09-16;2710;63
2722;1275.0;2024-09-07;3425;63
2723;750.0;2024-09-09;1009;63
2724;1125.0;2024-09-10;2345;63
2725;750.0;2024-09-18;2392;63
2726;975.0;2024-09-03;2642;63
2727;750.0;2024-09-01;2970;63
2728;975.0;2024-09-16;137;63
2729;735.0;2024-09-20;1456;63
2730;975.0;2024-08-31;2380;63
2731;750.0;2024-09-04;415;63
2732;1275.0;2024-09-17;3619;63
2733;1125.0;2024-09-23;3618;63
2734;750.0;2024-09-16;211;63
2735;750.0;2024-09-14;1515;63
2736;1275.0;2024-09-04;2860;63
2737;1500.0;2024-09-11;455;63
