id_pracownika;imie;nazwisko;stanowisko;numer_telefonu;adres_email
1;Gabriela;Jaszczuk;przewodnik;752247811;gabrielajaszczuk477@nowowiejska.com
2;Klara;Stefańczyk;przewodnik;792166799;klarastefańczyk962@nowowiejska.com
3;Aniela;Maksymiuk;przewodnik;577247204;anielamaksymiuk765@nowowiejska.com
4;Aurelia;Kuczyńska;przewodnik;470216990;aureliakuczyńska027@nowowiejska.com
5;Aniela;Klim;przewodnik;386934382;anielaklim080@nowowiejska.com
6;Nadia;Sydorenko;przewodnik;389311741;nadiasydorenko996@nowowiejska.com
7;Jagoda;Paziewska;przewodnik;489906456;jagodapaziewska618@nowowiejska.com
8;Anastazja;Tomkiewicz;przewodnik;365039081;anastazjatomkiewicz709@nowowiejska.com
9;Aleksandra;Gasińska;przewodnik;839304621;aleksandragasińska000@nowowiejska.com
10;Klara;Dymowska;przewodnik;787078173;klaradymowska648@nowowiejska.com
11;Kaja;Paruch;przewodnik;297510777;kajaparuch417@nowowiejska.com
12;Gabriela;Klonowska;przewodnik;858558429;gabrielaklonowska398@nowowiejska.com
13;Adrianna;Rydz;przewodnik;873317690;adriannarydz004@nowowiejska.com
14;Weronika;Barnaś;przewodnik;877637738;weronikabarnaś635@nowowiejska.com
15;Róża;Kulczycka;przewodnik;632662081;różakulczycka596@nowowiejska.com
16;Gabriela;Bednarz;przewodnik;317045058;gabrielabednarz574@nowowiejska.com
17;Nina;Jabłonka;przewodnik;879081306;ninajabłonka677@nowowiejska.com
18;Anastazja;Kwaśny;przewodnik;873556704;anastazjakwaśny871@nowowiejska.com
19;Melania;Stolc;przewodnik;740607422;melaniastolc318@nowowiejska.com
20;Blanka;Mocek;przewodnik;555397476;blankamocek136@nowowiejska.com
21;Klara;Osadnik;przewodnik;647622727;klaraosadnik566@nowowiejska.com
22;Pola;Fedorova;przewodnik;698035197;polafedorova234@nowowiejska.com
23;Aniela;Matoga;przewodnik;612526581;anielamatoga190@nowowiejska.com
24;Nela;Szczygieł;przewodnik;988911701;nelaszczygieł910@nowowiejska.com
25;Jagoda;Brzezicka;przewodnik;344996822;jagodabrzezicka917@nowowiejska.com
26;Nela;Raczek;przewodnik;938242006;nelaraczek465@nowowiejska.com
27;Martyna;Gosk;przewodnik;782931473;martynagosk588@nowowiejska.com
28;Nela;Bryś;przewodnik;481219335;nelabryś935@nowowiejska.com
29;Liwia;Balcer;przewodnik;452344034;liwiabalcer142@nowowiejska.com
30;Alicja;Mikulska;przewodnik;703103858;alicjamikulska051@nowowiejska.com
31;Wanda;Gryczka;przewodnik;326753695;wandagryczka909@nowowiejska.com
32;Kinga;Jaros;przewodnik;817723293;kingajaros626@nowowiejska.com
33;Kaja;Tkach;przewodnik;873014927;kajatkach141@nowowiejska.com
34;Nela;Muzyka;przewodnik;416897901;nelamuzyka575@nowowiejska.com
35;Marcelina;Kosek;przewodnik;835428497;marcelinakosek257@nowowiejska.com
36;Karolina;Starzyńska;przewodnik;773937660;karolinastarzyńska195@nowowiejska.com
37;Oliwia;Bajer;przewodnik;828663672;oliwiabajer974@nowowiejska.com
38;Zofia;Kowal;przewodnik;723709976;zofiakowal828@nowowiejska.com
39;Wanda;Włodkowska;przewodnik;111002810;wandawłodkowska084@nowowiejska.com
40;Maria;Kołakowska;przewodnik;661393194;mariakołakowska231@nowowiejska.com
41;Michalina;Zembrzuska;przewodnik;866883048;michalinazembrzuska594@nowowiejska.com
42;Agata;Gliszczyńska;przewodnik;307684933;agatagliszczyńska189@nowowiejska.com
43;Barbara;Leśniak;przewodnik;294478223;barbaraleśniak330@nowowiejska.com
44;Maria;Fiedor;przewodnik;535549159;mariafiedor349@nowowiejska.com
45;Zuzanna;Słodkowska;przewodnik;812045300;zuzannasłodkowska937@nowowiejska.com
46;Liwia;Korniluk;przewodnik;492463417;liwiakorniluk082@nowowiejska.com
47;Antonina;Rosołowska;przewodnik;269235399;antoninarosołowska847@nowowiejska.com
48;Liliana;Salamon;przewodnik;362571875;lilianasalamon077@nowowiejska.com
49;Eliza;Czekaj;przewodnik;948372573;elizaczekaj683@nowowiejska.com
50;Wiktoria;Sordyl;przewodnik;249938002;wiktoriasordyl695@nowowiejska.com
51;Helena;Siwiec;przewodnik;554029379;helenasiwiec271@nowowiejska.com
52;Lilianna;Błachnio;przewodnik;478045726;liliannabłachnio131@nowowiejska.com
53;Liwia;Szydło;przewodnik;939264634;liwiaszydło144@nowowiejska.com
54;Blanka;Kubis;przewodnik;375962012;blankakubis130@nowowiejska.com
55;Alicja;Jońca;przewodnik;638468395;alicjajońca069@nowowiejska.com
56;Zofia;Koźmińska;przewodnik;392270282;zofiakoźmińska224@nowowiejska.com
57;Julia;Wróbel;przewodnik;755059979;juliawróbel947@nowowiejska.com
58;Aurelia;Smolarek;przewodnik;942458660;aureliasmolarek854@nowowiejska.com
59;Gaja;Łukawska;przewodnik;872118606;gajałukawska880@nowowiejska.com
60;Mia;Rawska;przewodnik;778108802;miarawska687@nowowiejska.com
61;Marcelina;Moszczyńska;przewodnik;825181411;marcelinamoszczyńska295@nowowiejska.com
62;Aurelia;Bandura;przewodnik;718237814;aureliabandura578@nowowiejska.com
63;Weronika;Kazimierczak;przewodnik;964322469;weronikakazimierczak040@nowowiejska.com
64;Martyna;Stankowska;przewodnik;665010995;martynastankowska649@nowowiejska.com
65;Nina;Siudak;przewodnik;596984835;ninasiudak933@nowowiejska.com
66;Lilianna;Poźniak;przewodnik;796042928;liliannapoźniak049@nowowiejska.com
67;Maria;Bałut;przewodnik;680340984;mariabałut850@nowowiejska.com
68;Łucja;Kurkowska;przewodnik;758868902;łucjakurkowska276@nowowiejska.com
69;Kinga;Kuźmicz;przewodnik;702702697;kingakuźmicz648@nowowiejska.com
70;Oliwia;Skierska;przewodnik;504157595;oliwiaskierska175@nowowiejska.com
71;Martyna;Siudak;przewodnik;891651785;martynasiudak221@nowowiejska.com
72;Milena;Lasecka;przewodnik;966639228;milenalasecka514@nowowiejska.com
73;Anastazja;Levchuk;przewodnik;285649761;anastazjalevchuk172@nowowiejska.com
74;Marianna;Fabisiak;przewodnik;331723089;mariannafabisiak407@nowowiejska.com
75;Maria;Czerniawska;przewodnik;415855194;mariaczerniawska920@nowowiejska.com
76;Agata;Styczyńska;przewodnik;582609613;agatastyczyńska106@nowowiejska.com
77;Michalina;Kulik;przewodnik;671974849;michalinakulik069@nowowiejska.com
78;Agata;Kubala;przewodnik;153325330;agatakubala091@nowowiejska.com
79;Barbara;Buczek;przewodnik;799423523;barbarabuczek001@nowowiejska.com
80;Rozalia;Wachowiak;przewodnik;653395564;rozaliawachowiak389@nowowiejska.com
81;Gaja;Karska;przewodnik;583342442;gajakarska475@nowowiejska.com
82;Alicja;Popova;przewodnik;412099901;alicjapopova038@nowowiejska.com
83;Antonina;Grochowska;przewodnik;560129448;antoninagrochowska083@nowowiejska.com
84;Kaja;Szumowska;przewodnik;227287773;kajaszumowska726@nowowiejska.com
85;Aniela;Hoffmann;przewodnik;971355348;anielahoffmann494@nowowiejska.com
86;Aurelia;Drozdowska;przewodnik;302322595;aureliadrozdowska137@nowowiejska.com
87;Weronika;Jarzębska;przewodnik;201487864;weronikajarzębska657@nowowiejska.com
88;Eliza;Ostojska;przewodnik;600347098;elizaostojska421@nowowiejska.com
89;Aurelia;Jaśkiewicz;przewodnik;164278327;aureliajaśkiewicz486@nowowiejska.com
90;Łucja;Olszewska;przewodnik;741872800;łucjaolszewska516@nowowiejska.com
91;Julia;Szczupak;przewodnik;789700142;juliaszczupak212@nowowiejska.com
92;Adrianna;Półtorak;przewodnik;989360491;adriannapółtorak684@nowowiejska.com
93;Liliana;Goździk;przewodnik;468201548;lilianagoździk322@nowowiejska.com
94;Łucja;Binek;przewodnik;807522641;łucjabinek099@nowowiejska.com
95;Magdalena;Kołodziejska;przewodnik;777786813;magdalenakołodziejska043@nowowiejska.com
96;Laura;Morawiec;przewodnik;723052957;lauramorawiec835@nowowiejska.com
97;Matylda;Stańczuk;przewodnik;207021408;matyldastańczuk246@nowowiejska.com
98;Mia;Zmysłowska;przewodnik;169873503;miazmysłowska737@nowowiejska.com
99;Zuzanna;Stańczuk;przewodnik;499530075;zuzannastańczuk571@nowowiejska.com
100;Kornelia;Dyląg;przewodnik;560931532;korneliadyląg212@nowowiejska.com
101;Wanda;Fabisiak;przewodnik;465769628;wandafabisiak637@nowowiejska.com
102;Aniela;Kłusek;przewodnik;781707279;anielakłusek175@nowowiejska.com
103;Nina;Sabat;przewodnik;153221647;ninasabat586@nowowiejska.com
104;Matylda;Szczepankiewicz;przewodnik;562822251;matyldaszczepankiewicz076@nowowiejska.com
105;Liwia;Piróg;przewodnik;529817250;liwiapiróg296@nowowiejska.com
106;Mia;Wronowska;przewodnik;988469797;miawronowska791@nowowiejska.com
107;Maria;Dorosz;przewodnik;384117403;mariadorosz617@nowowiejska.com
108;Wiktoria;Michalik;przewodnik;123511072;wiktoriamichalik173@nowowiejska.com
109;Eliza;Sosnowska;przewodnik;937605017;elizasosnowska983@nowowiejska.com
110;Klara;Szal;przewodnik;389117723;klaraszal045@nowowiejska.com
111;Natalia;Krukowska;przewodnik;711667343;nataliakrukowska096@nowowiejska.com
112;Sara;Zwolak;przewodnik;341442500;sarazwolak636@nowowiejska.com
113;Róża;Chen;przewodnik;894471144;różachen924@nowowiejska.com
114;Jaśmina;Uszyńska;przewodnik;302435989;jaśminauszyńska253@nowowiejska.com
115;Weronika;Myszkowska;przewodnik;437371689;weronikamyszkowska451@nowowiejska.com
116;Gaja;Cyran;przewodnik;666487891;gajacyran651@nowowiejska.com
117;Pola;Płotka;przewodnik;884901227;polapłotka697@nowowiejska.com
118;Jagoda;Zubek;przewodnik;737520130;jagodazubek267@nowowiejska.com
119;Nikola;Nieradka;przewodnik;593416494;nikolanieradka271@nowowiejska.com
120;Nadia;Abramczyk;przewodnik;692969743;nadiaabramczyk026@nowowiejska.com
121;Antonina;Misztal;przewodnik;228670252;antoninamisztal096@nowowiejska.com
122;Nikola;Podolska;przewodnik;244138271;nikolapodolska201@nowowiejska.com
123;Hanna;Kurzawa;przewodnik;144906553;hannakurzawa647@nowowiejska.com
124;Maria;Kurdziel;przewodnik;914110611;mariakurdziel027@nowowiejska.com
125;Kornelia;Zembrzuska;przewodnik;835126459;korneliazembrzuska606@nowowiejska.com
126;Zofia;Widera;przewodnik;680357480;zofiawidera152@nowowiejska.com
127;Karolina;Chmielowska;przewodnik;972074682;karolinachmielowska037@nowowiejska.com
128;Nikola;Skrzypiec;przewodnik;591402439;nikolaskrzypiec476@nowowiejska.com
129;Oliwia;Łuka;przewodnik;915932590;oliwiałuka888@nowowiejska.com
130;Sara;Wrzesień;przewodnik;329429006;sarawrzesień756@nowowiejska.com
131;Agata;Olejarczyk;przewodnik;564261731;agataolejarczyk033@nowowiejska.com
132;Aleksandra;Domańska;przewodnik;719223963;aleksandradomańska940@nowowiejska.com
133;Liwia;Łagowska;przewodnik;604857341;liwiałagowska741@nowowiejska.com
134;Karolina;Papierz;przewodnik;753916966;karolinapapierz648@nowowiejska.com
135;Laura;Seweryn;przewodnik;894014959;lauraseweryn458@nowowiejska.com
136;Kinga;Adamczuk;przewodnik;452523058;kingaadamczuk070@nowowiejska.com
137;Liwia;Marut;przewodnik;164077196;liwiamarut310@nowowiejska.com
138;Barbara;Mroczka;przewodnik;293191126;barbaramroczka509@nowowiejska.com
139;Kaja;Yaremchuk;przewodnik;278123912;kajayaremchuk352@nowowiejska.com
140;Milena;Piechota;przewodnik;652955949;milenapiechota047@nowowiejska.com
141;Milena;Brzóska;przewodnik;995057775;milenabrzóska499@nowowiejska.com
142;Anastazja;Jakubowicz;przewodnik;659631976;anastazjajakubowicz342@nowowiejska.com
143;Maria;Niedzielska;przewodnik;623336803;marianiedzielska315@nowowiejska.com
144;Nikola;Perzyna;przewodnik;486487630;nikolaperzyna289@nowowiejska.com
145;Zuzanna;Kamola;przewodnik;396570196;zuzannakamola599@nowowiejska.com
146;Jaśmina;Gwiazdowska;przewodnik;333950787;jaśminagwiazdowska136@nowowiejska.com
147;Nikola;Sobocińska;przewodnik;523118840;nikolasobocińska688@nowowiejska.com
148;Melania;Bulińska;przewodnik;637114268;melaniabulińska202@nowowiejska.com
149;Maja;Dominiak;przewodnik;466292427;majadominiak896@nowowiejska.com
150;Julia;Łukaszewska;przewodnik;419940909;juliałukaszewska776@nowowiejska.com
151;Aurelia;Głaz;przewodnik;317821594;aureliagłaz758@nowowiejska.com
152;Agata;Bieńkowska;przewodnik;291331956;agatabieńkowska813@nowowiejska.com
153;Liwia;Sołowiej;przewodnik;492132847;liwiasołowiej109@nowowiejska.com
154;Zofia;Sawa;przewodnik;712071965;zofiasawa007@nowowiejska.com
155;Marcelina;Kasperkiewicz;przewodnik;664948643;marcelinakasperkiewicz125@nowowiejska.com
156;Aleksandra;Grudzień;przewodnik;289852759;aleksandragrudzień531@nowowiejska.com
157;Mia;Lasak;przewodnik;177440852;mialasak746@nowowiejska.com
158;Rozalia;Mach;przewodnik;818100278;rozaliamach701@nowowiejska.com
159;Matylda;Zaiets;przewodnik;219307071;matyldazaiets098@nowowiejska.com
160;Weronika;Łukasik;przewodnik;357314043;weronikałukasik624@nowowiejska.com
161;Lena;Biernat;przewodnik;143236488;lenabiernat324@nowowiejska.com
162;Anna;Szymkowiak;przewodnik;326138877;annaszymkowiak026@nowowiejska.com
163;Aleksandra;Książek;przewodnik;390593635;aleksandraksiążek068@nowowiejska.com
164;Sara;Rogaczewska;przewodnik;854182709;sararogaczewska501@nowowiejska.com
165;Maja;Dmytrenko;przewodnik;213455680;majadmytrenko663@nowowiejska.com
166;Iga;Zaczyk;przewodnik;466066062;igazaczyk715@nowowiejska.com
167;Nadia;Dwornik;przewodnik;498563168;nadiadwornik782@nowowiejska.com
168;Aleksandra;Lysenko;przewodnik;378055622;aleksandralysenko918@nowowiejska.com
169;Antonina;Thomas;przewodnik;990694929;antoninathomas908@nowowiejska.com
170;Zuzanna;Dalecka;przewodnik;115943010;zuzannadalecka296@nowowiejska.com
171;Aniela;Stawska;przewodnik;734840754;anielastawska020@nowowiejska.com
172;Rozalia;Bogucka;przewodnik;431052966;rozaliabogucka541@nowowiejska.com
173;Anastazja;Sierpińska;przewodnik;297859173;anastazjasierpińska656@nowowiejska.com
174;Adrianna;Madalińska;przewodnik;191746735;adriannamadalińska970@nowowiejska.com
175;Kornelia;Sawa;przewodnik;672181362;korneliasawa964@nowowiejska.com
176;Marcelina;Dziadosz;przewodnik;554449263;marcelinadziadosz110@nowowiejska.com
177;Marianna;Szafranek;przewodnik;330716355;mariannaszafranek894@nowowiejska.com
178;Helena;Guzińska;przewodnik;567911230;helenaguzińska260@nowowiejska.com
179;Łucja;Kuna;przewodnik;585981625;łucjakuna174@nowowiejska.com
180;Lena;Neumann;przewodnik;100876364;lenaneumann903@nowowiejska.com
181;Hanna;Zajkowska;przewodnik;183148710;hannazajkowska948@nowowiejska.com
182;Łucja;Sasin;przewodnik;199531623;łucjasasin325@nowowiejska.com
183;Rozalia;Osadcha;przewodnik;240313348;rozaliaosadcha524@nowowiejska.com
184;Matylda;Mańko;przewodnik;619735070;matyldamańko437@nowowiejska.com
185;Róża;Rączka;przewodnik;700938577;różarączka109@nowowiejska.com
186;Rozalia;Zelek;przewodnik;802142058;rozaliazelek540@nowowiejska.com
187;Maja;Gołaś;przewodnik;495896538;majagołaś558@nowowiejska.com
188;Julia;Wiktor;przewodnik;287783532;juliawiktor877@nowowiejska.com
189;Martyna;Pasek;przewodnik;447994642;martynapasek054@nowowiejska.com
190;Marcelina;Andrzejak;przewodnik;678613289;marcelinaandrzejak795@nowowiejska.com
191;Mia;Gulczyńska;przewodnik;880269682;miagulczyńska335@nowowiejska.com
192;Emilia;Siuda;przewodnik;394385298;emiliasiuda225@nowowiejska.com
193;Marcelina;Tomala;przewodnik;570074730;marcelinatomala733@nowowiejska.com
194;Nina;Dąbrowska;przewodnik;735817584;ninadąbrowska919@nowowiejska.com
195;Agata;Ławecka;przewodnik;841219631;agataławecka266@nowowiejska.com
196;Łucja;Śmigielska;przewodnik;515469991;łucjaśmigielska446@nowowiejska.com
197;Lilianna;Andrzejewska;przewodnik;866843689;liliannaandrzejewska030@nowowiejska.com
198;Maja;Ruchała;przewodnik;301359073;majaruchała953@nowowiejska.com
199;Karolina;Dzik;przewodnik;426635049;karolinadzik591@nowowiejska.com
200;Klara;Augustyniak;przewodnik;575391228;klaraaugustyniak692@nowowiejska.com
201;Oliwia;Jędrzejczak;przewodnik;744433225;oliwiajędrzejczak928@nowowiejska.com
202;Jaśmina;Twarowska;przewodnik;846094707;jaśminatwarowska733@nowowiejska.com
203;Magdalena;Misiura;przewodnik;318040938;magdalenamisiura405@nowowiejska.com
204;Milena;Kotlińska;przewodnik;219764067;milenakotlińska159@nowowiejska.com
205;Matylda;Dudkiewicz;przewodnik;384944899;matyldadudkiewicz385@nowowiejska.com
206;Adrianna;Pawlus;przewodnik;825487412;adriannapawlus264@nowowiejska.com
207;Sara;Janiec;przewodnik;421477111;sarajaniec435@nowowiejska.com
208;Rozalia;Dul;przewodnik;917134734;rozaliadul529@nowowiejska.com
209;Iga;Lisowska;przewodnik;266925998;igalisowska903@nowowiejska.com
210;Zofia;Podleśna;przewodnik;174873004;zofiapodleśna845@nowowiejska.com
211;Martyna;Prusak;przewodnik;462575098;martynaprusak631@nowowiejska.com
212;Maria;Daszkiewicz;przewodnik;903941399;mariadaszkiewicz202@nowowiejska.com
213;Marianna;Nogaj;przewodnik;763694375;mariannanogaj118@nowowiejska.com
214;Róża;Tańska;przewodnik;318766172;różatańska183@nowowiejska.com
215;Gabriela;Woś;przewodnik;481147206;gabrielawoś943@nowowiejska.com
216;Antonina;Kret;przewodnik;446056140;antoninakret680@nowowiejska.com
217;Matylda;Oleszek;przewodnik;800630943;matyldaoleszek665@nowowiejska.com
218;Alicja;Karolewska;przewodnik;440497636;alicjakarolewska614@nowowiejska.com
219;Gaja;Włoch;przewodnik;647802493;gajawłoch222@nowowiejska.com
220;Helena;Mrowińska;przewodnik;738173472;helenamrowińska045@nowowiejska.com
221;Nadia;Frankowska;kierowca;884584200;nadiafrankowska787@nowowiejska.com
222;Rozalia;Budziak;kierowca;797153191;rozaliabudziak098@nowowiejska.com
223;Karolina;Chmiel;kierowca;261337008;karolinachmiel049@nowowiejska.com
224;Gabriela;Kozińska;kierowca;131105060;gabrielakozińska753@nowowiejska.com
225;Aleksandra;Milanowska;kierowca;389712052;aleksandramilanowska232@nowowiejska.com
226;Oliwia;Ciborowska;kierowca;459513422;oliwiaciborowska615@nowowiejska.com
227;Pola;Rucka;kierowca;775886142;polarucka318@nowowiejska.com
228;Weronika;Sanocka;kierowca;355985823;weronikasanocka751@nowowiejska.com
229;Nina;Magiera;kierowca;770677462;ninamagiera205@nowowiejska.com
230;Maja;Potempa;kierowca;974946351;majapotempa182@nowowiejska.com
231;Gaja;Maziarz;kierowca;911932152;gajamaziarz017@nowowiejska.com
232;Łucja;Skupińska;kierowca;309179713;łucjaskupińska127@nowowiejska.com
233;Matylda;Sowińska;kierowca;653366120;matyldasowińska909@nowowiejska.com
234;Liliana;Kropidłowska;kierowca;846965862;lilianakropidłowska721@nowowiejska.com
235;Zuzanna;Zientara;kierowca;438466446;zuzannazientara968@nowowiejska.com
236;Nela;Ochmańska;kierowca;691015796;nelaochmańska105@nowowiejska.com
237;Matylda;Stokowska;kierowca;859496629;matyldastokowska872@nowowiejska.com
238;Melania;Gancarz;kierowca;747975948;melaniagancarz435@nowowiejska.com
239;Rozalia;Milanowska;kierowca;654157456;rozaliamilanowska311@nowowiejska.com
240;Aniela;Łepkowska;kierowca;958820089;anielałepkowska869@nowowiejska.com
241;Wiktoria;Śnieżek;kierowca;685435962;wiktoriaśnieżek368@nowowiejska.com
242;Pola;Kądziołka;kierowca;710015642;polakądziołka865@nowowiejska.com
243;Antonina;Cieślar;kierowca;848076934;antoninacieślar530@nowowiejska.com
244;Martyna;Kijek;kierowca;444275709;martynakijek971@nowowiejska.com
245;Aleksandra;Chmielarz;kierowca;954583283;aleksandrachmielarz937@nowowiejska.com
246;Amelia;Murzyn;kierowca;281274408;ameliamurzyn121@nowowiejska.com
247;Lena;Piechowiak;kierowca;836959697;lenapiechowiak748@nowowiejska.com
248;Róża;Zdziarska;kierowca;911230205;różazdziarska215@nowowiejska.com
249;Karolina;Gabor;kierowca;371905398;karolinagabor517@nowowiejska.com
250;Blanka;Jeleń;kierowca;116148456;blankajeleń780@nowowiejska.com
251;Maria;Jeziorska;kierowca;507491651;mariajeziorska464@nowowiejska.com
252;Sara;Machaj;kierowca;347587231;saramachaj590@nowowiejska.com
253;Magdalena;Miksa;kierowca;654478475;magdalenamiksa474@nowowiejska.com
254;Liwia;Volkova;kierowca;666072724;liwiavolkova568@nowowiejska.com
255;Kornelia;Michalska;kierowca;395053761;korneliamichalska154@nowowiejska.com
256;Milena;Bartkowiak;kierowca;183016418;milenabartkowiak642@nowowiejska.com
257;Marcelina;Cieplińska;kierowca;320812753;marcelinacieplińska412@nowowiejska.com
258;Hanna;Miłosz;kierowca;291287523;hannamiłosz298@nowowiejska.com
259;Milena;Ziemba;kierowca;197460169;milenaziemba499@nowowiejska.com
260;Amelia;Sopel;kierowca;796266890;ameliasopel917@nowowiejska.com
261;Mia;Dobrzycka;kierowca;374766583;miadobrzycka620@nowowiejska.com
262;Matylda;Wieczorkiewicz;kierowca;748926285;matyldawieczorkiewicz879@nowowiejska.com
263;Martyna;Kominek;kierowca;804344934;martynakominek647@nowowiejska.com
264;Anastazja;Czarnecka;kierowca;485065089;anastazjaczarnecka844@nowowiejska.com
265;Łucja;Golec;kierowca;490169279;łucjagolec667@nowowiejska.com
266;Martyna;Sidorowicz;kierowca;855746327;martynasidorowicz469@nowowiejska.com
267;Helena;Pawełczak;kierowca;361859290;helenapawełczak778@nowowiejska.com
268;Natalia;Kasperska;kierowca;169807895;nataliakasperska666@nowowiejska.com
269;Łucja;Sopel;kierowca;602123969;łucjasopel114@nowowiejska.com
270;Agata;Zwierzchowska;kierowca;719915263;agatazwierzchowska087@nowowiejska.com
271;Kaja;Kucza;kierowca;691241347;kajakucza337@nowowiejska.com
272;Nina;Kania;kierowca;699373923;ninakania120@nowowiejska.com
273;Maria;Postek;kierowca;783534427;mariapostek864@nowowiejska.com
274;Emilia;Kamola;kierowca;747381554;emiliakamola660@nowowiejska.com
275;Matylda;Bochnak;kierowca;540395935;matyldabochnak576@nowowiejska.com
276;Alicja;Rola;kierowca;457123561;alicjarola535@nowowiejska.com
277;Iga;Lubczyńska;kierowca;494110772;igalubczyńska959@nowowiejska.com
278;Antonina;Żukowska;kierowca;372667306;antoninażukowska532@nowowiejska.com
279;Jagoda;Mrzygłód;kierowca;770471254;jagodamrzygłód253@nowowiejska.com
280;Weronika;Lipnicka;kierowca;483841146;weronikalipnicka258@nowowiejska.com
281;Maja;Bryś;kierowca;152606644;majabryś519@nowowiejska.com
282;Aniela;Galicka;kierowca;410525707;anielagalicka552@nowowiejska.com
283;Rozalia;Roman;kierowca;356859406;rozaliaroman559@nowowiejska.com
284;Sara;Kubińska;kierowca;529968999;sarakubińska004@nowowiejska.com
285;Melania;Szczerbińska;kierowca;149250757;melaniaszczerbińska726@nowowiejska.com
286;Antonina;Zachariasz;kierowca;388355150;antoninazachariasz318@nowowiejska.com
287;Blanka;Kociuba;kierowca;808816285;blankakociuba514@nowowiejska.com
288;Gabriela;Romańczyk;kierowca;574099204;gabrielaromańczyk761@nowowiejska.com
289;Eliza;Pluskota;kierowca;187366683;elizapluskota506@nowowiejska.com
290;Mia;Kovtun;kierowca;303866575;miakovtun679@nowowiejska.com
291;Kaja;Grabek;kierowca;810839511;kajagrabek945@nowowiejska.com
292;Antonina;Cichońska;kierowca;165422598;antoninacichońska183@nowowiejska.com
293;Nadia;Smykowska;kierowca;435877031;nadiasmykowska397@nowowiejska.com
294;Karolina;Frank;kierowca;328523584;karolinafrank254@nowowiejska.com
295;Julia;Rusiecka;kierowca;964461855;juliarusiecka456@nowowiejska.com
296;Oliwia;Dzięgiel;kierowca;494459703;oliwiadzięgiel551@nowowiejska.com
297;Iga;Dominiak;kierowca;747511498;igadominiak310@nowowiejska.com
298;Gabriela;Soszyńska;kierowca;218317885;gabrielasoszyńska260@nowowiejska.com
299;Matylda;Pasoń;kierowca;580782255;matyldapasoń114@nowowiejska.com
300;Zofia;Dobrzeniecka;kierowca;160253424;zofiadobrzeniecka773@nowowiejska.com
301;Weronika;Sołtys;kierowca;497544046;weronikasołtys192@nowowiejska.com
302;Iga;Jagieła;kierowca;293119422;igajagieła351@nowowiejska.com
303;Mia;Siwak;kierowca;293194163;miasiwak350@nowowiejska.com
304;Gaja;Łangowska;kierowca;963466552;gajałangowska333@nowowiejska.com
305;Karolina;Paruzel;kierowca;873940302;karolinaparuzel942@nowowiejska.com
306;Julia;Bilska;kierowca;140803237;juliabilska635@nowowiejska.com
307;Maja;Zasada;kierowca;590099585;majazasada932@nowowiejska.com
308;Maja;Kłosińska;kierowca;226260318;majakłosińska946@nowowiejska.com
309;Maria;Piwowarczyk;kierowca;848733705;mariapiwowarczyk969@nowowiejska.com
310;Łucja;Glapa;kierowca;110804224;łucjaglapa087@nowowiejska.com
311;Liwia;Janiec;kierowca;390896125;liwiajaniec316@nowowiejska.com
312;Liliana;Nizio;kierowca;770523384;liliananizio751@nowowiejska.com
313;Adrianna;Korczyńska;kierowca;668051721;adriannakorczyńska039@nowowiejska.com
314;Magdalena;Kossakowska;kierowca;884632760;magdalenakossakowska473@nowowiejska.com
315;Milena;Wrzesień;kierowca;335417538;milenawrzesień316@nowowiejska.com
316;Marcelina;Litwińska;kierowca;449805661;marcelinalitwińska384@nowowiejska.com
317;Natalia;Bil;kierowca;610504925;nataliabil887@nowowiejska.com
318;Martyna;Grabarz;kierowca;644063123;martynagrabarz764@nowowiejska.com
319;Klara;Rajca;kierowca;159204487;klararajca726@nowowiejska.com
320;Alicja;Szczepkowska;kierowca;930229673;alicjaszczepkowska121@nowowiejska.com
321;Laura;Topczewska;kierowca;555059478;lauratopczewska275@nowowiejska.com
322;Agata;Strzelecka;kierowca;236987076;agatastrzelecka434@nowowiejska.com
323;Hanna;Klich;kierowca;435761791;hannaklich019@nowowiejska.com
324;Zuzanna;Dudzińska;kierowca;626518482;zuzannadudzińska828@nowowiejska.com
325;Pola;Soszyńska;kierowca;626380676;polasoszyńska693@nowowiejska.com
326;Alicja;Dolińska;kierowca;565294049;alicjadolińska946@nowowiejska.com
327;Aniela;Sulowska;kierowca;145967862;anielasulowska841@nowowiejska.com
328;Róża;Bem;kierowca;673630428;różabem026@nowowiejska.com
329;Liwia;Bronisz;kierowca;434362851;liwiabronisz832@nowowiejska.com
330;Hanna;Różańska;kierowca;747635860;hannaróżańska617@nowowiejska.com
331;Tymon;Tyszka;przewodnik;426249508;tymontyszka002@nowowiejska.com
332;Oskar;Przybyło;przewodnik;723522718;oskarprzybyło268@nowowiejska.com
333;Kazimierz;Stanisz;przewodnik;343314014;kazimierzstanisz620@nowowiejska.com
334;Kamil;Kurpiel;przewodnik;278557791;kamilkurpiel796@nowowiejska.com
335;Kazimierz;Karp;przewodnik;405492331;kazimierzkarp728@nowowiejska.com
336;Mark;Łagowski;przewodnik;273766758;markłagowski487@nowowiejska.com
337;Borys;Sosna;przewodnik;110249461;boryssosna266@nowowiejska.com
338;Filip;Nogaj;przewodnik;609300824;filipnogaj101@nowowiejska.com
339;Natan;Pudełko;przewodnik;492352924;natanpudełko387@nowowiejska.com
340;Maciej;Ząbek;przewodnik;772824667;maciejząbek021@nowowiejska.com
341;Filip;Trocha;przewodnik;429876524;filiptrocha878@nowowiejska.com
342;Wiktor;Zawistowski;przewodnik;611196119;wiktorzawistowski430@nowowiejska.com
343;Piotr;Bartosik;przewodnik;496606111;piotrbartosik336@nowowiejska.com
344;Szymon;Jarek;przewodnik;490036285;szymonjarek527@nowowiejska.com
345;Oskar;Bohdan;przewodnik;344587431;oskarbohdan852@nowowiejska.com
346;Leon;Kupiński;przewodnik;342905823;leonkupiński653@nowowiejska.com
347;Borys;Miernik;przewodnik;165121938;borysmiernik073@nowowiejska.com
348;Ksawery;Małkiewicz;przewodnik;149931948;ksawerymałkiewicz413@nowowiejska.com
349;Marcel;Konefał;przewodnik;526478486;marcelkonefał740@nowowiejska.com
350;Michał;Brzęczek;przewodnik;934706023;michałbrzęczek020@nowowiejska.com
351;Leon;Kornaś;przewodnik;170971534;leonkornaś818@nowowiejska.com
352;Daniel;Olszak;przewodnik;428682584;danielolszak650@nowowiejska.com
353;Miłosz;Kubowicz;przewodnik;770643931;miłoszkubowicz678@nowowiejska.com
354;Kazimierz;Sobczuk;przewodnik;697624001;kazimierzsobczuk095@nowowiejska.com
355;Kazimierz;Gąsiewski;przewodnik;111239144;kazimierzgąsiewski854@nowowiejska.com
356;Maksymilian;Paruch;przewodnik;171797125;maksymilianparuch113@nowowiejska.com
357;Dawid;Otto;przewodnik;715775877;dawidotto770@nowowiejska.com
358;Gabriel;Kulawik;przewodnik;773071304;gabrielkulawik117@nowowiejska.com
359;Kacper;Petryk;przewodnik;928908932;kacperpetryk105@nowowiejska.com
360;Hubert;Powierża;przewodnik;433434120;hubertpowierża554@nowowiejska.com
361;Dawid;Chromik;przewodnik;662643605;dawidchromik470@nowowiejska.com
362;Jan;Knopik;przewodnik;485391675;janknopik652@nowowiejska.com
363;Witold;Kardaś;przewodnik;109036070;witoldkardaś129@nowowiejska.com
364;Kuba;Sobkowicz;przewodnik;320955299;kubasobkowicz818@nowowiejska.com
365;Krzysztof;Krawczyk;przewodnik;898958298;krzysztofkrawczyk285@nowowiejska.com
366;Kajetan;Jurga;przewodnik;140820365;kajetanjurga697@nowowiejska.com
367;Borys;Bębenek;przewodnik;730971146;borysbębenek154@nowowiejska.com
368;Milan;Kaszuba;przewodnik;127721111;milankaszuba290@nowowiejska.com
369;Adam;Wojtyła;przewodnik;445905232;adamwojtyła125@nowowiejska.com
370;Mikołaj;Graca;przewodnik;560816680;mikołajgraca944@nowowiejska.com
371;Krzysztof;Wójcikowski;przewodnik;849163793;krzysztofwójcikowski844@nowowiejska.com
372;Henryk;Demchuk;przewodnik;503528197;henrykdemchuk225@nowowiejska.com
373;Miłosz;Krasoń;przewodnik;175599490;miłoszkrasoń112@nowowiejska.com
374;Oskar;Zaczek;przewodnik;951289174;oskarzaczek913@nowowiejska.com
375;Artur;Kolano;przewodnik;797304435;arturkolano343@nowowiejska.com
376;Mikołaj;Jaszczak;przewodnik;361397047;mikołajjaszczak077@nowowiejska.com
377;Józef;Kapłon;przewodnik;251825120;józefkapłon029@nowowiejska.com
378;Adam;Sękowski;przewodnik;646694006;adamsękowski812@nowowiejska.com
379;Aleksander;Sarnecki;przewodnik;177863269;aleksandersarnecki613@nowowiejska.com
380;Piotr;Płoskonka;przewodnik;747303999;piotrpłoskonka990@nowowiejska.com
381;Mark;Kalisz;przewodnik;390895983;markkalisz777@nowowiejska.com
382;Franciszek;Butkiewicz;przewodnik;207030388;franciszekbutkiewicz995@nowowiejska.com
383;Kajetan;Mroczek;przewodnik;520979429;kajetanmroczek712@nowowiejska.com
384;Ksawery;Korecki;przewodnik;449088072;ksawerykorecki940@nowowiejska.com
385;Tymoteusz;Jaruga;przewodnik;720291477;tymoteuszjaruga627@nowowiejska.com
386;Jan;Sasin;przewodnik;940304223;jansasin205@nowowiejska.com
387;Filip;Novak;przewodnik;822292960;filipnovak573@nowowiejska.com
388;Kacper;Węglarz;przewodnik;509516583;kacperwęglarz136@nowowiejska.com
389;Nikodem;Wojtaszek;przewodnik;135324312;nikodemwojtaszek292@nowowiejska.com
390;Daniel;Ptaszek;przewodnik;584528964;danielptaszek422@nowowiejska.com
391;Paweł;Szumiński;przewodnik;763998721;pawełszumiński257@nowowiejska.com
392;Kazimierz;Śliwka;przewodnik;560201158;kazimierzśliwka309@nowowiejska.com
393;Mikołaj;Ryś;przewodnik;819716259;mikołajryś408@nowowiejska.com
394;Tadeusz;Gromada;przewodnik;275519688;tadeuszgromada837@nowowiejska.com
395;Ksawery;Lenart;przewodnik;389102194;ksawerylenart319@nowowiejska.com
396;Witold;Gwiazda;przewodnik;821243349;witoldgwiazda359@nowowiejska.com
397;Natan;Łuczyński;przewodnik;819362213;natanłuczyński479@nowowiejska.com
398;Aleksander;Gluza;przewodnik;594659818;aleksandergluza958@nowowiejska.com
399;Jakub;Mierzyński;przewodnik;903312399;jakubmierzyński555@nowowiejska.com
400;Kacper;Głowala;przewodnik;111515197;kacpergłowala062@nowowiejska.com
401;Maksymilian;Liu;przewodnik;884729734;maksymilianliu168@nowowiejska.com
402;Mark;Jażdżewski;przewodnik;210484515;markjażdżewski693@nowowiejska.com
403;Tomasz;Bielański;przewodnik;607885399;tomaszbielański209@nowowiejska.com
404;Mark;Olczyk;przewodnik;490353158;markolczyk711@nowowiejska.com
405;Daniel;Rygielski;przewodnik;977698936;danielrygielski517@nowowiejska.com
406;Leo;Piaseczny;przewodnik;828354502;leopiaseczny949@nowowiejska.com
407;Ksawery;Groń;przewodnik;964400056;ksawerygroń110@nowowiejska.com
408;Hubert;Skrzypkowski;przewodnik;621538244;hubertskrzypkowski930@nowowiejska.com
409;Adam;Gronowski;przewodnik;536405546;adamgronowski700@nowowiejska.com
410;Ignacy;Barcik;przewodnik;658566323;ignacybarcik964@nowowiejska.com
411;Henryk;Grzywacz;przewodnik;675309136;henrykgrzywacz292@nowowiejska.com
412;Nikodem;Kubica;przewodnik;280675672;nikodemkubica236@nowowiejska.com
413;Michał;Guzowski;przewodnik;362695883;michałguzowski830@nowowiejska.com
414;Józef;Lasota;przewodnik;822331994;józeflasota355@nowowiejska.com
415;Hubert;Kobyliński;przewodnik;941392185;hubertkobyliński668@nowowiejska.com
416;Bartłomiej;Łuszczyński;przewodnik;673552657;bartłomiejłuszczyński336@nowowiejska.com
417;Jakub;Bielski;przewodnik;739122944;jakubbielski854@nowowiejska.com
418;Cezary;Boiko;przewodnik;994500387;cezaryboiko149@nowowiejska.com
419;Adam;Jereczek;przewodnik;238761888;adamjereczek486@nowowiejska.com
420;Kuba;Wyszomierski;przewodnik;949599358;kubawyszomierski407@nowowiejska.com
421;Mikołaj;Pikuła;przewodnik;611165094;mikołajpikuła920@nowowiejska.com
422;Jakub;Petrov;przewodnik;816901091;jakubpetrov257@nowowiejska.com
423;Krzysztof;Dziuk;przewodnik;298574595;krzysztofdziuk614@nowowiejska.com
424;Teodor;Rosa;przewodnik;714944189;teodorrosa631@nowowiejska.com
425;Natan;Bialik;przewodnik;736235182;natanbialik695@nowowiejska.com
426;Kajetan;Gąsiorowski;przewodnik;503946876;kajetangąsiorowski413@nowowiejska.com
427;Tadeusz;Łukaszek;przewodnik;516946125;tadeuszłukaszek082@nowowiejska.com
428;Nikodem;Marczyński;przewodnik;294262020;nikodemmarczyński662@nowowiejska.com
429;Bartłomiej;Fuchs;przewodnik;644946042;bartłomiejfuchs739@nowowiejska.com
430;Antoni;Pławecki;przewodnik;589705295;antonipławecki438@nowowiejska.com
431;Bartłomiej;Stojek;przewodnik;292094696;bartłomiejstojek134@nowowiejska.com
432;Kamil;Moczydłowski;przewodnik;278347586;kamilmoczydłowski699@nowowiejska.com
433;Marcel;Igielski;przewodnik;979494758;marceligielski068@nowowiejska.com
434;Nikodem;Świtoń;przewodnik;374789231;nikodemświtoń873@nowowiejska.com
435;Filip;Kacała;przewodnik;785636419;filipkacała108@nowowiejska.com
436;Oliwier;Boczkowski;przewodnik;125545034;oliwierboczkowski896@nowowiejska.com
437;Natan;Tobolski;przewodnik;816422129;natantobolski755@nowowiejska.com
438;Tymoteusz;Głębocki;przewodnik;145108604;tymoteuszgłębocki292@nowowiejska.com
439;Kacper;Bohdan;przewodnik;505079244;kacperbohdan097@nowowiejska.com
440;Kazimierz;Rogóż;przewodnik;675918254;kazimierzrogóż444@nowowiejska.com
441;Julian;Koza;przewodnik;654869566;juliankoza325@nowowiejska.com
442;Mark;Wnęk;przewodnik;652174596;markwnęk590@nowowiejska.com
443;Kajetan;Iwaszko;przewodnik;849387365;kajetaniwaszko650@nowowiejska.com
444;Wojciech;Mielniczek;przewodnik;632782536;wojciechmielniczek776@nowowiejska.com
445;Karol;Kupka;przewodnik;258067856;karolkupka206@nowowiejska.com
446;Karol;Herman;przewodnik;317015219;karolherman729@nowowiejska.com
447;Natan;Jackiewicz;przewodnik;397195182;natanjackiewicz569@nowowiejska.com
448;Filip;Szypulski;przewodnik;307824826;filipszypulski212@nowowiejska.com
449;Leon;Galus;przewodnik;294960262;leongalus277@nowowiejska.com
450;Marcel;Juskowiak;przewodnik;864043501;marceljuskowiak493@nowowiejska.com
451;Henryk;Mikosz;przewodnik;963621424;henrykmikosz911@nowowiejska.com
452;Tadeusz;Kawka;przewodnik;249507586;tadeuszkawka618@nowowiejska.com
453;Oliwier;Stępkowski;przewodnik;993615851;oliwierstępkowski323@nowowiejska.com
454;Bruno;Ciupak;przewodnik;718524114;brunociupak925@nowowiejska.com
455;Maksymilian;Kępka;przewodnik;852886994;maksymiliankępka691@nowowiejska.com
456;Tymoteusz;Olczyk;przewodnik;742440530;tymoteuszolczyk237@nowowiejska.com
457;Dominik;Weber;przewodnik;553631776;dominikweber298@nowowiejska.com
458;Wojciech;Hyla;przewodnik;279274937;wojciechhyla583@nowowiejska.com
459;Dominik;Brandys;przewodnik;705272521;dominikbrandys626@nowowiejska.com
460;Michał;Kubicki;przewodnik;696543338;michałkubicki695@nowowiejska.com
461;Jan;Jurga;przewodnik;785780344;janjurga300@nowowiejska.com
462;Dominik;Sobczuk;przewodnik;342337794;dominiksobczuk098@nowowiejska.com
463;Maksymilian;Głogowski;przewodnik;907970482;maksymiliangłogowski761@nowowiejska.com
464;Oskar;Dolny;przewodnik;756379282;oskardolny360@nowowiejska.com
465;Witold;Bińkowski;przewodnik;782057665;witoldbińkowski103@nowowiejska.com
466;Mikołaj;Szczypka;przewodnik;918700722;mikołajszczypka938@nowowiejska.com
467;Wiktor;Zabłocki;przewodnik;483459603;wiktorzabłocki814@nowowiejska.com
468;Stanisław;Wiejak;przewodnik;771505008;stanisławwiejak910@nowowiejska.com
469;Piotr;Gliwa;przewodnik;381505805;piotrgliwa164@nowowiejska.com
470;Witold;Konior;przewodnik;179336392;witoldkonior360@nowowiejska.com
471;Hubert;Sitarski;przewodnik;526608400;hubertsitarski071@nowowiejska.com
472;Gabriel;Franczyk;przewodnik;145992385;gabrielfranczyk894@nowowiejska.com
473;Karol;Słowikowski;przewodnik;115414500;karolsłowikowski753@nowowiejska.com
474;Mikołaj;Gromada;przewodnik;544453928;mikołajgromada023@nowowiejska.com
475;Tymoteusz;Truchan;przewodnik;799684686;tymoteusztruchan294@nowowiejska.com
476;Milan;Zięcina;przewodnik;834113922;milanzięcina644@nowowiejska.com
477;Borys;Raś;przewodnik;700796120;borysraś843@nowowiejska.com
478;Kuba;Maciejak;przewodnik;583711360;kubamaciejak598@nowowiejska.com
479;Stanisław;Lipnicki;przewodnik;414439496;stanisławlipnicki188@nowowiejska.com
480;Borys;Kot;przewodnik;335062022;boryskot556@nowowiejska.com
481;Fabian;Buda;przewodnik;114371629;fabianbuda564@nowowiejska.com
482;Antoni;Tymoshenko;przewodnik;995185967;antonitymoshenko513@nowowiejska.com
483;Leon;Kiszka;przewodnik;370449336;leonkiszka726@nowowiejska.com
484;Tymon;Gawrych;przewodnik;302765074;tymongawrych742@nowowiejska.com
485;Piotr;Grabowski;przewodnik;994414886;piotrgrabowski841@nowowiejska.com
486;Wojciech;Olender;przewodnik;142049532;wojciecholender414@nowowiejska.com
487;Piotr;Brzeski;przewodnik;600694388;piotrbrzeski993@nowowiejska.com
488;Tadeusz;Brol;przewodnik;679176577;tadeuszbrol128@nowowiejska.com
489;Marcel;Wrześniewski;przewodnik;114816861;marcelwrześniewski152@nowowiejska.com
490;Piotr;Michaluk;przewodnik;371400501;piotrmichaluk826@nowowiejska.com
491;Henryk;Rutkowski;przewodnik;643173188;henrykrutkowski664@nowowiejska.com
492;Paweł;Pamuła;przewodnik;293901403;pawełpamuła307@nowowiejska.com
493;Franciszek;Machnicki;przewodnik;742934818;franciszekmachnicki226@nowowiejska.com
494;Dominik;Błachowicz;przewodnik;272287194;dominikbłachowicz695@nowowiejska.com
495;Wiktor;Rzepa;przewodnik;845721096;wiktorrzepa361@nowowiejska.com
496;Dawid;Rutka;przewodnik;729022606;dawidrutka283@nowowiejska.com
497;Mikołaj;Błaszczyk;przewodnik;481482191;mikołajbłaszczyk176@nowowiejska.com
498;Filip;Łuczak;przewodnik;765919652;filipłuczak653@nowowiejska.com
499;Leon;Tymoshchuk;przewodnik;315122848;leontymoshchuk055@nowowiejska.com
500;Piotr;Rębisz;przewodnik;847764867;piotrrębisz009@nowowiejska.com
501;Kamil;Martin;przewodnik;863742751;kamilmartin711@nowowiejska.com
502;Jan;Narloch;przewodnik;499026272;jannarloch210@nowowiejska.com
503;Hubert;Lenart;przewodnik;239190774;hubertlenart166@nowowiejska.com
504;Alan;Górnicki;przewodnik;442956315;alangórnicki101@nowowiejska.com
505;Bartłomiej;Obara;przewodnik;778704011;bartłomiejobara470@nowowiejska.com
506;Wiktor;Swat;przewodnik;960887973;wiktorswat829@nowowiejska.com
507;Henryk;Jodłowski;przewodnik;448199236;henrykjodłowski448@nowowiejska.com
508;Artur;Marcinek;przewodnik;816452829;arturmarcinek548@nowowiejska.com
509;Antoni;Majchrowski;przewodnik;377144946;antonimajchrowski562@nowowiejska.com
510;Borys;Hinc;przewodnik;146332538;boryshinc780@nowowiejska.com
511;Józef;Mika;przewodnik;981614725;józefmika157@nowowiejska.com
512;Mateusz;Olewiński;przewodnik;555242158;mateuszolewiński049@nowowiejska.com
513;Filip;Kamionka;przewodnik;582092271;filipkamionka331@nowowiejska.com
514;Adam;Kumor;przewodnik;884213434;adamkumor018@nowowiejska.com
515;Tymoteusz;Dudzik;przewodnik;875453043;tymoteuszdudzik768@nowowiejska.com
516;Wojciech;Skorupski;przewodnik;846917646;wojciechskorupski823@nowowiejska.com
517;Tadeusz;Konstanty;przewodnik;948006442;tadeuszkonstanty785@nowowiejska.com
518;Milan;Lipiński;przewodnik;952414107;milanlipiński953@nowowiejska.com
519;Natan;Skupiński;przewodnik;158352706;natanskupiński392@nowowiejska.com
520;Mikołaj;Szczepanowski;przewodnik;274855147;mikołajszczepanowski531@nowowiejska.com
521;Leon;Mitka;przewodnik;357179015;leonmitka229@nowowiejska.com
522;Tymon;Porębski;przewodnik;823279288;tymonporębski866@nowowiejska.com
523;Mark;Mąka;przewodnik;598992045;markmąka984@nowowiejska.com
524;Dominik;Mrożek;przewodnik;194964525;dominikmrożek396@nowowiejska.com
525;Kamil;Siemiątkowski;przewodnik;727558520;kamilsiemiątkowski853@nowowiejska.com
526;Michał;Goździk;przewodnik;132394121;michałgoździk753@nowowiejska.com
527;Stanisław;Bojda;przewodnik;826021588;stanisławbojda748@nowowiejska.com
528;Kajetan;Pych;przewodnik;517831653;kajetanpych718@nowowiejska.com
529;Alan;Kur;przewodnik;590887387;alankur774@nowowiejska.com
530;Natan;Szabat;przewodnik;556680453;natanszabat833@nowowiejska.com
531;Artur;Gogolewski;przewodnik;675509591;arturgogolewski069@nowowiejska.com
532;Tomasz;Buczek;przewodnik;105157682;tomaszbuczek893@nowowiejska.com
533;Kazimierz;Ziętek;przewodnik;884779182;kazimierzziętek610@nowowiejska.com
534;Daniel;Gołaszewski;przewodnik;653194374;danielgołaszewski407@nowowiejska.com
535;Borys;Badura;przewodnik;473403215;borysbadura853@nowowiejska.com
536;Alan;Jarosiński;przewodnik;186692938;alanjarosiński880@nowowiejska.com
537;Witold;Szopa;przewodnik;251249398;witoldszopa006@nowowiejska.com
538;Aleksander;Seremak;przewodnik;133757190;aleksanderseremak954@nowowiejska.com
539;Franciszek;Kołodziejek;przewodnik;823881682;franciszekkołodziejek769@nowowiejska.com
540;Milan;Jackiewicz;przewodnik;727609128;milanjackiewicz290@nowowiejska.com
541;Krzysztof;Niziołek;przewodnik;343962884;krzysztofniziołek978@nowowiejska.com
542;Kazimierz;Pietrucha;przewodnik;322194867;kazimierzpietrucha747@nowowiejska.com
543;Maciej;Suliński;przewodnik;355332100;maciejsuliński417@nowowiejska.com
544;Oskar;Keller;przewodnik;122588576;oskarkeller502@nowowiejska.com
545;Oliwier;Kryś;przewodnik;192378485;oliwierkryś899@nowowiejska.com
546;Mikołaj;Prucnal;przewodnik;784189949;mikołajprucnal081@nowowiejska.com
547;Filip;Straszewski;przewodnik;114540928;filipstraszewski551@nowowiejska.com
548;Milan;Bojanowski;przewodnik;452831211;milanbojanowski852@nowowiejska.com
549;Michał;Siwy;przewodnik;593326800;michałsiwy123@nowowiejska.com
550;Szymon;Piaseczny;przewodnik;423852500;szymonpiaseczny886@nowowiejska.com
551;Fabian;Sobieszek;kierowca;769323676;fabiansobieszek630@nowowiejska.com
552;Ksawery;Chłopek;kierowca;782924633;ksawerychłopek115@nowowiejska.com
553;Igor;Smoleń;kierowca;737027474;igorsmoleń084@nowowiejska.com
554;Oliwier;Ciepliński;kierowca;628777524;oliwierciepliński214@nowowiejska.com
555;Filip;Łojewski;kierowca;157527062;filipłojewski426@nowowiejska.com
556;Leon;Mejer;kierowca;822706867;leonmejer775@nowowiejska.com
557;Kajetan;Małkiewicz;kierowca;779696329;kajetanmałkiewicz290@nowowiejska.com
558;Tymoteusz;Ruszkiewicz;kierowca;803404091;tymoteuszruszkiewicz713@nowowiejska.com
559;Tymon;Piontek;kierowca;599761628;tymonpiontek982@nowowiejska.com
560;Bartosz;Pieniak;kierowca;902962782;bartoszpieniak986@nowowiejska.com
561;Wojciech;Kośka;kierowca;541504259;wojciechkośka147@nowowiejska.com
562;Krzysztof;Grala;kierowca;665774306;krzysztofgrala903@nowowiejska.com
563;Kuba;Urbański;kierowca;942977745;kubaurbański807@nowowiejska.com
564;Teodor;Zawiła;kierowca;498883760;teodorzawiła465@nowowiejska.com
565;Nikodem;Toboła;kierowca;911926199;nikodemtoboła222@nowowiejska.com
566;Michał;Puchała;kierowca;857981643;michałpuchała448@nowowiejska.com
567;Aleksander;Kim;kierowca;528520543;aleksanderkim061@nowowiejska.com
568;Aleksander;Urbanowicz;kierowca;292002954;aleksanderurbanowicz297@nowowiejska.com
569;Szymon;Chruściński;kierowca;290958144;szymonchruściński948@nowowiejska.com
570;Kacper;Rudy;kierowca;869290986;kacperrudy225@nowowiejska.com
571;Ksawery;Rybicki;kierowca;241058015;ksaweryrybicki995@nowowiejska.com
572;Jan;Zięba;kierowca;530351693;janzięba238@nowowiejska.com
573;Jan;Rybacki;kierowca;860332340;janrybacki584@nowowiejska.com
574;Kacper;Czerwonka;kierowca;356082583;kacperczerwonka202@nowowiejska.com
575;Wiktor;Wodecki;kierowca;932209383;wiktorwodecki330@nowowiejska.com
576;Tomasz;Banaszek;kierowca;248642658;tomaszbanaszek579@nowowiejska.com
577;Witold;Zabawa;kierowca;577310888;witoldzabawa221@nowowiejska.com
578;Maksymilian;Niewiadomski;kierowca;399569237;maksymilianniewiadomski855@nowowiejska.com
579;Wojciech;Gawlik;kierowca;201808818;wojciechgawlik040@nowowiejska.com
580;Tymoteusz;Pączek;kierowca;486065300;tymoteuszpączek218@nowowiejska.com
581;Kazimierz;Surma;kierowca;942664754;kazimierzsurma718@nowowiejska.com
582;Henryk;Matejek;kierowca;327791842;henrykmatejek275@nowowiejska.com
583;Kajetan;Wąsowski;kierowca;293213742;kajetanwąsowski179@nowowiejska.com
584;Alan;Kubas;kierowca;169326521;alankubas937@nowowiejska.com
585;Bartosz;Karbowski;kierowca;712182465;bartoszkarbowski603@nowowiejska.com
586;Szymon;Szymaniak;kierowca;711123598;szymonszymaniak750@nowowiejska.com
587;Kacper;Cieślewicz;kierowca;822064386;kacpercieślewicz376@nowowiejska.com
588;Artur;Jędryka;kierowca;139959591;arturjędryka200@nowowiejska.com
589;Stanisław;Zimoch;kierowca;524362448;stanisławzimoch377@nowowiejska.com
590;Józef;Bodnar;kierowca;904330307;józefbodnar552@nowowiejska.com
591;Leo;Kolbusz;kierowca;446014388;leokolbusz987@nowowiejska.com
592;Nikodem;Izdebski;kierowca;195446307;nikodemizdebski704@nowowiejska.com
593;Tomasz;Soból;kierowca;220961426;tomaszsoból735@nowowiejska.com
594;Cezary;Kunikowski;kierowca;310791563;cezarykunikowski986@nowowiejska.com
595;Miłosz;Nitka;kierowca;437153339;miłosznitka137@nowowiejska.com
596;Kajetan;Dalecki;kierowca;298982139;kajetandalecki344@nowowiejska.com
597;Maksymilian;Jasiak;kierowca;222471138;maksymilianjasiak887@nowowiejska.com
598;Milan;Powierża;kierowca;226859558;milanpowierża147@nowowiejska.com
599;Fabian;Bujok;kierowca;331143046;fabianbujok682@nowowiejska.com
600;Kamil;Berezowski;kierowca;894785817;kamilberezowski338@nowowiejska.com
601;Hubert;Lisiewicz;kierowca;547202951;hubertlisiewicz992@nowowiejska.com
602;Daniel;Nikitin;kierowca;335728112;danielnikitin050@nowowiejska.com
603;Leo;Starzec;kierowca;116413403;leostarzec484@nowowiejska.com
604;Mateusz;Grzechnik;kierowca;870440654;mateuszgrzechnik961@nowowiejska.com
605;Dawid;Szpak;kierowca;128262098;dawidszpak736@nowowiejska.com
606;Filip;Sarna;kierowca;726177689;filipsarna286@nowowiejska.com
607;Oskar;Łazarski;kierowca;533872562;oskarłazarski430@nowowiejska.com
608;Kacper;Sołtysiak;kierowca;468211571;kacpersołtysiak486@nowowiejska.com
609;Tadeusz;Blok;kierowca;956607141;tadeuszblok521@nowowiejska.com
610;Cezary;Gackowski;kierowca;865977889;cezarygackowski779@nowowiejska.com
611;Kuba;Żołnowski;kierowca;289561921;kubażołnowski070@nowowiejska.com
612;Cezary;Gajewski;kierowca;711025177;cezarygajewski991@nowowiejska.com
613;Franciszek;Lysenko;kierowca;598340168;franciszeklysenko767@nowowiejska.com
614;Marcel;Jaworek;kierowca;320617276;marceljaworek107@nowowiejska.com
615;Nikodem;Śmiech;kierowca;471699870;nikodemśmiech927@nowowiejska.com
616;Teodor;Zabawa;kierowca;118021572;teodorzabawa407@nowowiejska.com
617;Piotr;Hoffman;kierowca;354945684;piotrhoffman188@nowowiejska.com
618;Franciszek;Koralewski;kierowca;402219588;franciszekkoralewski624@nowowiejska.com
619;Wojciech;Warzecha;kierowca;699553928;wojciechwarzecha506@nowowiejska.com
620;Bruno;Kamecki;kierowca;814674376;brunokamecki906@nowowiejska.com
621;Michał;Brzezicki;kierowca;914958475;michałbrzezicki774@nowowiejska.com
622;Daniel;Sitarz;kierowca;445559564;danielsitarz665@nowowiejska.com
623;Gabriel;Rydzewski;kierowca;721374914;gabrielrydzewski447@nowowiejska.com
624;Maksymilian;Wawrzak;kierowca;146766929;maksymilianwawrzak797@nowowiejska.com
625;Jan;Wierzbiński;kierowca;253886621;janwierzbiński834@nowowiejska.com
626;Bruno;Janas;kierowca;933094790;brunojanas170@nowowiejska.com
627;Tymon;Szymański;kierowca;160744054;tymonszymański820@nowowiejska.com
628;Szymon;Biskup;kierowca;167406703;szymonbiskup724@nowowiejska.com
629;Mikołaj;Oliinyk;kierowca;426719602;mikołajoliinyk516@nowowiejska.com
630;Alan;Lisiecki;kierowca;304838790;alanlisiecki032@nowowiejska.com
631;Kajetan;Makaruk;kierowca;445532516;kajetanmakaruk847@nowowiejska.com
632;Tymoteusz;Misztal;kierowca;898890473;tymoteuszmisztal300@nowowiejska.com
633;Igor;Adamczyk;kierowca;738708197;igoradamczyk751@nowowiejska.com
634;Michał;Czajka;kierowca;370232170;michałczajka720@nowowiejska.com
635;Miłosz;Novikov;kierowca;374894789;miłosznovikov496@nowowiejska.com
636;Cezary;Sałata;kierowca;781119659;cezarysałata149@nowowiejska.com
637;Maksymilian;Żelazowski;kierowca;111204069;maksymilianżelazowski529@nowowiejska.com
638;Kazimierz;Sacha;kierowca;906937451;kazimierzsacha898@nowowiejska.com
639;Adam;Fudała;kierowca;190575755;adamfudała994@nowowiejska.com
640;Fabian;Spychalski;kierowca;779609612;fabianspychalski308@nowowiejska.com
641;Marcel;Umiński;kierowca;612632282;marcelumiński655@nowowiejska.com
642;Borys;Hyjek;kierowca;338643758;boryshyjek102@nowowiejska.com
643;Ksawery;Studziński;kierowca;865725526;ksawerystudziński741@nowowiejska.com
644;Artur;Andrzejczak;kierowca;283564554;arturandrzejczak228@nowowiejska.com
645;Wojciech;Stańczuk;kierowca;900088618;wojciechstańczuk347@nowowiejska.com
646;Karol;Oleksiak;kierowca;468157934;karololeksiak872@nowowiejska.com
647;Filip;Michalec;kierowca;409141749;filipmichalec718@nowowiejska.com
648;Cezary;Ponomarenko;kierowca;628970723;cezaryponomarenko482@nowowiejska.com
649;Jan;Krysztofiak;kierowca;178888772;jankrysztofiak561@nowowiejska.com
650;Leon;Klein;kierowca;388134791;leonklein929@nowowiejska.com
651;Maksymilian;Demchuk;kierowca;234466345;maksymiliandemchuk018@nowowiejska.com
652;Julian;Rapacz;kierowca;540667390;julianrapacz371@nowowiejska.com
653;Kazimierz;Potocki;kierowca;410313702;kazimierzpotocki897@nowowiejska.com
654;Kacper;Krasuski;kierowca;989255387;kacperkrasuski109@nowowiejska.com
655;Wiktor;Weiss;kierowca;447863948;wiktorweiss812@nowowiejska.com
656;Hubert;Borowy;kierowca;608416003;hubertborowy083@nowowiejska.com
657;Igor;Kwietniewski;kierowca;380124041;igorkwietniewski470@nowowiejska.com
658;Fabian;Włodarczak;kierowca;832997471;fabianwłodarczak394@nowowiejska.com
659;Fabian;Zelek;kierowca;299968871;fabianzelek332@nowowiejska.com
660;Krzysztof;Trela;kierowca;129991612;krzysztoftrela018@nowowiejska.com
661;Teodor;Bińkowski;kierowca;766701148;teodorbińkowski451@nowowiejska.com
662;Maciej;Ziółkowski;kierowca;340873893;maciejziółkowski875@nowowiejska.com
663;Kamil;Drążek;kierowca;142132023;kamildrążek226@nowowiejska.com
664;Bartosz;Kozina;kierowca;414925854;bartoszkozina405@nowowiejska.com
665;Maciej;Brzezicki;kierowca;187639179;maciejbrzezicki541@nowowiejska.com
666;Tadeusz;Nocuń;kierowca;712358550;tadeusznocuń975@nowowiejska.com
667;Jakub;Kuźmicki;kierowca;519334002;jakubkuźmicki411@nowowiejska.com
668;Tymoteusz;Sieniawski;kierowca;890391336;tymoteuszsieniawski794@nowowiejska.com
669;Fabian;Choma;kierowca;129912662;fabianchoma004@nowowiejska.com
670;Miłosz;Wodnicki;kierowca;264527460;miłoszwodnicki887@nowowiejska.com
671;Witold;Paciorek;kierowca;218612117;witoldpaciorek703@nowowiejska.com
672;Witold;Kmak;kierowca;597301958;witoldkmak895@nowowiejska.com
673;Szymon;Żukowski;kierowca;388482183;szymonżukowski042@nowowiejska.com
674;Teodor;Świerczyński;kierowca;637927003;teodorświerczyński193@nowowiejska.com
675;Julian;Prusinowski;kierowca;961660698;julianprusinowski007@nowowiejska.com
676;Filip;Zientara;kierowca;189881285;filipzientara432@nowowiejska.com
677;Fabian;Koryciński;kierowca;185946409;fabiankoryciński947@nowowiejska.com
678;Oskar;Janiga;kierowca;132924736;oskarjaniga379@nowowiejska.com
679;Hubert;Lysenko;kierowca;211587711;hubertlysenko090@nowowiejska.com
680;Leo;Wrześniewski;kierowca;709423153;leowrześniewski589@nowowiejska.com
681;Tymon;Waliszewski;kierowca;251418250;tymonwaliszewski736@nowowiejska.com
682;Filip;Jurkowski;kierowca;940905409;filipjurkowski348@nowowiejska.com
683;Adam;Zaręba;kierowca;252079558;adamzaręba154@nowowiejska.com
684;Wojciech;Pastusiak;kierowca;640230707;wojciechpastusiak589@nowowiejska.com
685;Dawid;Potocki;kierowca;506773168;dawidpotocki882@nowowiejska.com
686;Borys;Wrzos;kierowca;171863657;boryswrzos218@nowowiejska.com
687;Paweł;Wawrzyński;kierowca;967122606;pawełwawrzyński379@nowowiejska.com
688;Tymoteusz;Brych;kierowca;981053997;tymoteuszbrych421@nowowiejska.com
689;Kuba;Szmidt;kierowca;710267896;kubaszmidt724@nowowiejska.com
690;Karol;Suski;kierowca;200929775;karolsuski701@nowowiejska.com
691;Tomasz;Kuznietsov;kierowca;546866098;tomaszkuznietsov134@nowowiejska.com
692;Kuba;Biegański;kierowca;818894714;kubabiegański759@nowowiejska.com
693;Leon;Gawroński;kierowca;999218597;leongawroński516@nowowiejska.com
694;Ignacy;Jóźwiak;kierowca;826057588;ignacyjóźwiak440@nowowiejska.com
695;Leon;Kasprowicz;kierowca;708892466;leonkasprowicz651@nowowiejska.com
696;Daniel;Piecyk;kierowca;653940009;danielpiecyk161@nowowiejska.com
697;Bartosz;Nguyễn;kierowca;685012799;bartosznguyễn309@nowowiejska.com
698;Bartłomiej;Osika;kierowca;334797435;bartłomiejosika722@nowowiejska.com
699;Michał;Kobiela;kierowca;307991449;michałkobiela921@nowowiejska.com
700;Bartosz;Skrzypek;kierowca;456671425;bartoszskrzypek318@nowowiejska.com
701;Nikodem;Jerzak;kierowca;532459583;nikodemjerzak978@nowowiejska.com
702;Teodor;Kwaśniewski;kierowca;840192695;teodorkwaśniewski146@nowowiejska.com
703;Cezary;Pilecki;kierowca;635601855;cezarypilecki285@nowowiejska.com
704;Bartłomiej;Iwiński;kierowca;837907946;bartłomiejiwiński955@nowowiejska.com
705;Henryk;Stefan;kierowca;543098642;henrykstefan185@nowowiejska.com
706;Artur;Karpenko;kierowca;585227058;arturkarpenko518@nowowiejska.com
707;Antoni;Krzykowski;kierowca;895322767;antonikrzykowski174@nowowiejska.com
708;Cezary;Kwidziński;kierowca;104392470;cezarykwidziński996@nowowiejska.com
709;Bartosz;Piechowski;kierowca;353563128;bartoszpiechowski928@nowowiejska.com
710;Gabriel;Białowąs;kierowca;524120461;gabrielbiałowąs883@nowowiejska.com
711;Bartosz;Mishchenko;kierowca;346154288;bartoszmishchenko871@nowowiejska.com
712;Tymon;Krupski;kierowca;735704123;tymonkrupski639@nowowiejska.com
713;Bartosz;Bołoz;kierowca;742780715;bartoszbołoz262@nowowiejska.com
714;Kajetan;Grzegrzółka;kierowca;249435026;kajetangrzegrzółka751@nowowiejska.com
715;Hubert;Parzych;kierowca;555648809;hubertparzych789@nowowiejska.com
716;Michał;Balcerak;kierowca;795489071;michałbalcerak819@nowowiejska.com
717;Tomasz;Godlewski;kierowca;155367426;tomaszgodlewski252@nowowiejska.com
718;Stanisław;Seroka;kierowca;636406050;stanisławseroka660@nowowiejska.com
719;Kamil;Pogorzelski;kierowca;508500610;kamilpogorzelski478@nowowiejska.com
720;Oskar;Winiarczyk;kierowca;717178624;oskarwiniarczyk147@nowowiejska.com
721;Tymoteusz;Nowaczyk;kierowca;614048084;tymoteusznowaczyk817@nowowiejska.com
722;Fabian;Serwatka;kierowca;938669178;fabianserwatka817@nowowiejska.com
723;Alan;Stanisławczyk;kierowca;472996416;alanstanisławczyk572@nowowiejska.com
724;Adam;Korus;kierowca;818895443;adamkorus557@nowowiejska.com
725;Gabriel;Królikowski;kierowca;357086647;gabrielkrólikowski985@nowowiejska.com
726;Kuba;Błasiak;kierowca;135614774;kubabłasiak675@nowowiejska.com
727;Alan;Kaleta;kierowca;765269589;alankaleta458@nowowiejska.com
728;Wojciech;Śmietana;kierowca;305206753;wojciechśmietana555@nowowiejska.com
729;Wiktor;Piętka;kierowca;225130943;wiktorpiętka908@nowowiejska.com
730;Mateusz;Sitko;kierowca;676098631;mateuszsitko564@nowowiejska.com
731;Ksawery;Gos;kierowca;833441445;ksawerygos849@nowowiejska.com
732;Julian;Kowalczuk;kierowca;315250269;juliankowalczuk419@nowowiejska.com
733;Daniel;Kamieński;kierowca;255503849;danielkamieński486@nowowiejska.com
734;Józef;Park;kierowca;621805123;józefpark873@nowowiejska.com
735;Maciej;Kędzia;kierowca;126529167;maciejkędzia326@nowowiejska.com
736;Józef;Piechowicz;kierowca;933374028;józefpiechowicz936@nowowiejska.com
737;Daniel;Tomiak;kierowca;788369167;danieltomiak398@nowowiejska.com
738;Kajetan;Basiński;kierowca;785870830;kajetanbasiński990@nowowiejska.com
739;Cezary;Wicik;kierowca;360284999;cezarywicik409@nowowiejska.com
740;Mateusz;Pokora;kierowca;988492200;mateuszpokora756@nowowiejska.com
741;Igor;Jarzyna;kierowca;205136519;igorjarzyna961@nowowiejska.com
742;Teodor;Łowicki;kierowca;302284776;teodorłowicki411@nowowiejska.com
743;Mateusz;Szklarski;kierowca;364276339;mateuszszklarski801@nowowiejska.com
744;Wojciech;Grzegorek;kierowca;548033697;wojciechgrzegorek490@nowowiejska.com
745;Fabian;Grodzicki;kierowca;824492246;fabiangrodzicki152@nowowiejska.com
746;Bartosz;Matyjaszczyk;kierowca;376967645;bartoszmatyjaszczyk901@nowowiejska.com
747;Maksymilian;Kaliński;kierowca;677045981;maksymiliankaliński308@nowowiejska.com
748;Stanisław;Kiełczewski;kierowca;475177950;stanisławkiełczewski352@nowowiejska.com
749;Paweł;Balcerak;kierowca;387994919;pawełbalcerak635@nowowiejska.com
750;Kuba;Grzeszczuk;kierowca;963210710;kubagrzeszczuk805@nowowiejska.com
751;Tomasz;Kuźniewski;kierowca;761750969;tomaszkuźniewski736@nowowiejska.com
752;Mateusz;Hetman;kierowca;506599034;mateuszhetman369@nowowiejska.com
753;Ignacy;Janiec;kierowca;201904136;ignacyjaniec968@nowowiejska.com
754;Gabriel;Wałęga;kierowca;477471925;gabrielwałęga615@nowowiejska.com
755;Igor;Marszał;kierowca;967302654;igormarszał746@nowowiejska.com
756;Mateusz;Paś;kierowca;939751741;mateuszpaś985@nowowiejska.com
757;Leo;Smulski;kierowca;303017618;leosmulski201@nowowiejska.com
758;Mateusz;Pękala;kierowca;433602792;mateuszpękala113@nowowiejska.com
759;Szymon;Kałka;kierowca;170623432;szymonkałka675@nowowiejska.com
760;Miłosz;Klimek;kierowca;960298848;miłoszklimek931@nowowiejska.com
761;Dawid;Świeca;kierowca;996376809;dawidświeca932@nowowiejska.com
762;Tymoteusz;Trzaskowski;kierowca;553476980;tymoteusztrzaskowski998@nowowiejska.com
763;Mikołaj;Nawrocki;kierowca;122744680;mikołajnawrocki165@nowowiejska.com
764;Michał;Bogusz;kierowca;505640474;michałbogusz024@nowowiejska.com
765;Kazimierz;Urbanik;kierowca;185879179;kazimierzurbanik998@nowowiejska.com
766;Bartłomiej;Kempa;kierowca;516282894;bartłomiejkempa449@nowowiejska.com
767;Borys;Kopciński;kierowca;625139211;boryskopciński902@nowowiejska.com
768;Fabian;Dorsz;kierowca;287963492;fabiandorsz037@nowowiejska.com
769;Gabriel;Borawski;kierowca;176264533;gabrielborawski449@nowowiejska.com
770;Filip;Drobny;kierowca;664771211;filipdrobny468@nowowiejska.com
