id_pracownika;imie;nazwisko;stanowisko;numer_telefonu;adres_email
1;Helena;Barszczewska;przewodnik;673094306;helenabarszczewska357@nowowiejska.com
2;Hanna;Skorupka;przewodnik;784764163;hannaskorupka285@nowowiejska.com
3;Helena;Malarz;przewodnik;732686883;helenamalarz981@nowowiejska.com
4;Kornelia;Klim;przewodnik;818064727;korneliaklim481@nowowiejska.com
5;Amelia;Klimas;przewodnik;641316178;ameliaklimas564@nowowiejska.com
6;Natalia;Minda;przewodnik;374795922;nataliaminda358@nowowiejska.com
7;Laura;Bem;przewodnik;339981742;laurabem631@nowowiejska.com
8;Marianna;Wojtkowska;przewodnik;971258242;mariannawojtkowska024@nowowiejska.com
9;Magdalena;Janicka;przewodnik;775238636;magdalenajanicka529@nowowiejska.com
10;Helena;Bis;przewodnik;865782624;helenabis763@nowowiejska.com
11;Agata;Biernat;przewodnik;620896863;agatabiernat250@nowowiejska.com
12;Liwia;Wesołek;przewodnik;513410840;liwiawesołek332@nowowiejska.com
13;Hanna;Szmigielska;przewodnik;246363240;hannaszmigielska206@nowowiejska.com
14;Kaja;Derda;przewodnik;669198239;kajaderda787@nowowiejska.com
15;Antonina;Zub;przewodnik;600910281;antoninazub045@nowowiejska.com
16;Adrianna;Dziuk;przewodnik;814285144;adriannadziuk000@nowowiejska.com
17;Maria;Rykaczewska;przewodnik;479773304;mariarykaczewska466@nowowiejska.com
18;Zuzanna;Bigus;przewodnik;485879993;zuzannabigus764@nowowiejska.com
19;Sara;Sałata;przewodnik;305603690;sarasałata584@nowowiejska.com
20;Pola;Osiak;przewodnik;696099342;polaosiak508@nowowiejska.com
21;Łucja;Bodziony;przewodnik;852768760;łucjabodziony413@nowowiejska.com
22;Magdalena;Kałuża;przewodnik;450856830;magdalenakałuża916@nowowiejska.com
23;Rozalia;Będkowska;przewodnik;601076703;rozaliabędkowska418@nowowiejska.com
24;Nadia;Stefan;przewodnik;813583876;nadiastefan182@nowowiejska.com
25;Pola;Marchewka;przewodnik;346262541;polamarchewka620@nowowiejska.com
26;Gaja;Bochnak;przewodnik;114016389;gajabochnak968@nowowiejska.com
27;Helena;Moskwa;przewodnik;516873533;helenamoskwa913@nowowiejska.com
28;Maria;Krzewińska;przewodnik;428903578;mariakrzewińska984@nowowiejska.com
29;Aurelia;Rokita;przewodnik;286773989;aureliarokita494@nowowiejska.com
30;Matylda;Ociepka;przewodnik;271074362;matyldaociepka141@nowowiejska.com
31;Jaśmina;Nowaczyk;przewodnik;820127035;jaśminanowaczyk426@nowowiejska.com
32;Łucja;Bartosińska;przewodnik;828684118;łucjabartosińska587@nowowiejska.com
33;Róża;Czechowska;przewodnik;335304103;różaczechowska085@nowowiejska.com
34;Jaśmina;Majer;przewodnik;329033549;jaśminamajer106@nowowiejska.com
35;Anna;Aleksandrowicz;przewodnik;956630410;annaaleksandrowicz877@nowowiejska.com
36;Nela;Płonka;przewodnik;740085728;nelapłonka998@nowowiejska.com
37;Natalia;Janczak;przewodnik;696725616;nataliajanczak209@nowowiejska.com
38;Lilianna;Drożdżyńska;przewodnik;618612106;liliannadrożdżyńska443@nowowiejska.com
39;Jaśmina;Duch;przewodnik;706298189;jaśminaduch262@nowowiejska.com
40;Julia;Dygas;przewodnik;103037097;juliadygas164@nowowiejska.com
41;Nela;Jarczewska;przewodnik;945612675;nelajarczewska125@nowowiejska.com
42;Anna;Kwapisz;przewodnik;670869303;annakwapisz517@nowowiejska.com
43;Adrianna;Kuśmirek;przewodnik;905088072;adriannakuśmirek165@nowowiejska.com
44;Martyna;Minda;przewodnik;197121233;martynaminda044@nowowiejska.com
45;Jaśmina;Solecka;przewodnik;677782303;jaśminasolecka898@nowowiejska.com
46;Martyna;Święcicka;przewodnik;974326093;martynaświęcicka864@nowowiejska.com
47;Julia;Karoń;przewodnik;942998110;juliakaroń062@nowowiejska.com
48;Sara;Wnuk;przewodnik;571545180;sarawnuk987@nowowiejska.com
49;Amelia;Waluś;przewodnik;496928516;ameliawaluś181@nowowiejska.com
50;Pola;Kępa;przewodnik;626286614;polakępa608@nowowiejska.com
51;Wanda;Drożdżyńska;przewodnik;926769175;wandadrożdżyńska152@nowowiejska.com
52;Pola;Kulczyńska;przewodnik;517329565;polakulczyńska720@nowowiejska.com
53;Iga;Bar;przewodnik;787866162;igabar684@nowowiejska.com
54;Michalina;Toporek;przewodnik;194968237;michalinatoporek172@nowowiejska.com
55;Kornelia;Góra;przewodnik;825197019;korneliagóra961@nowowiejska.com
56;Hanna;Czyżewska;przewodnik;441362462;hannaczyżewska546@nowowiejska.com
57;Michalina;Krzeszewska;przewodnik;231853553;michalinakrzeszewska069@nowowiejska.com
58;Nela;Szmigielska;przewodnik;543447144;nelaszmigielska332@nowowiejska.com
59;Helena;Ochocka;przewodnik;403492761;helenaochocka729@nowowiejska.com
60;Zuzanna;Hryniewicka;przewodnik;866272449;zuzannahryniewicka811@nowowiejska.com
61;Maria;Łojewska;przewodnik;982396444;mariałojewska290@nowowiejska.com
62;Sara;Jachimowicz;przewodnik;841643999;sarajachimowicz371@nowowiejska.com
63;Sara;Węglewska;przewodnik;504809386;sarawęglewska792@nowowiejska.com
64;Maja;Łada;przewodnik;447089459;majałada729@nowowiejska.com
65;Liwia;Czapla;przewodnik;692806685;liwiaczapla361@nowowiejska.com
66;Kinga;Krakowska;przewodnik;160154311;kingakrakowska472@nowowiejska.com
67;Maria;Skrzyniarz;przewodnik;633552581;mariaskrzyniarz397@nowowiejska.com
68;Róża;Grzegorek;przewodnik;716811871;różagrzegorek774@nowowiejska.com
69;Marianna;Grzęda;przewodnik;795065634;mariannagrzęda637@nowowiejska.com
70;Jagoda;Wielgus;przewodnik;155459469;jagodawielgus281@nowowiejska.com
71;Karolina;Gawlas;przewodnik;905975863;karolinagawlas122@nowowiejska.com
72;Wanda;Makar;przewodnik;825645406;wandamakar091@nowowiejska.com
73;Łucja;Zaorska;przewodnik;187990611;łucjazaorska207@nowowiejska.com
74;Laura;Stadnicka;przewodnik;140503795;laurastadnicka017@nowowiejska.com
75;Pola;Siejka;przewodnik;311920011;polasiejka177@nowowiejska.com
76;Mia;Miś;przewodnik;127658924;miamiś665@nowowiejska.com
77;Maria;Miszewska;przewodnik;650975530;mariamiszewska834@nowowiejska.com
78;Emilia;Chyła;przewodnik;409445471;emiliachyła365@nowowiejska.com
79;Zofia;Makowiecka;przewodnik;619526569;zofiamakowiecka827@nowowiejska.com
80;Mia;Młodzianowska;przewodnik;415273284;miamłodzianowska497@nowowiejska.com
81;Wiktoria;Rusinek;przewodnik;339611150;wiktoriarusinek099@nowowiejska.com
82;Matylda;Paruch;przewodnik;145006633;matyldaparuch794@nowowiejska.com
83;Nina;Goszczyńska;przewodnik;686238583;ninagoszczyńska030@nowowiejska.com
84;Pola;Pogorzelska;przewodnik;406676345;polapogorzelska769@nowowiejska.com
85;Melania;Łazowska;przewodnik;731926367;melaniałazowska792@nowowiejska.com
86;Wanda;Zygadło;przewodnik;325331702;wandazygadło174@nowowiejska.com
87;Aurelia;Chodorowska;przewodnik;148828181;aureliachodorowska240@nowowiejska.com
88;Helena;Kolomiiets;przewodnik;727529413;helenakolomiiets751@nowowiejska.com
89;Klara;Żmuda;przewodnik;656436311;klarażmuda891@nowowiejska.com
90;Nina;Kadłubowska;przewodnik;567271442;ninakadłubowska778@nowowiejska.com
91;Marianna;Stańczuk;przewodnik;563549389;mariannastańczuk515@nowowiejska.com
92;Lena;Gracz;przewodnik;915514482;lenagracz194@nowowiejska.com
93;Jagoda;Basta;przewodnik;446162070;jagodabasta632@nowowiejska.com
94;Gaja;Papież;przewodnik;762315208;gajapapież276@nowowiejska.com
95;Martyna;Miłkowska;przewodnik;245988993;martynamiłkowska225@nowowiejska.com
96;Aniela;Stankiewicz;przewodnik;207496403;anielastankiewicz078@nowowiejska.com
97;Natalia;Rogóż;przewodnik;834356136;nataliarogóż934@nowowiejska.com
98;Nela;Babicz;przewodnik;645233131;nelababicz061@nowowiejska.com
99;Gabriela;Rdzanek;przewodnik;224604037;gabrielardzanek581@nowowiejska.com
100;Helena;Waga;przewodnik;729137808;helenawaga081@nowowiejska.com
101;Wanda;Pruś;przewodnik;307793812;wandapruś500@nowowiejska.com
102;Nela;Siczek;przewodnik;821873149;nelasiczek051@nowowiejska.com
103;Wanda;Galewska;przewodnik;591319768;wandagalewska218@nowowiejska.com
104;Julia;Raczyńska;przewodnik;636322320;juliaraczyńska918@nowowiejska.com
105;Łucja;Lenartowicz;przewodnik;862289398;łucjalenartowicz036@nowowiejska.com
106;Emilia;Hankus;przewodnik;667524263;emiliahankus011@nowowiejska.com
107;Nina;Podlewska;przewodnik;767068211;ninapodlewska338@nowowiejska.com
108;Jaśmina;Stanik;przewodnik;739412770;jaśminastanik795@nowowiejska.com
109;Klara;Mielniczuk;przewodnik;445710889;klaramielniczuk533@nowowiejska.com
110;Nikola;Bloch;przewodnik;129981111;nikolabloch794@nowowiejska.com
111;Matylda;Matczak;przewodnik;449821485;matyldamatczak276@nowowiejska.com
112;Emilia;Bednarz;przewodnik;567859904;emiliabednarz063@nowowiejska.com
113;Anastazja;Jędryka;przewodnik;922428121;anastazjajędryka301@nowowiejska.com
114;Sara;Płusa;przewodnik;689426026;sarapłusa823@nowowiejska.com
115;Julia;Iwanowicz;przewodnik;552241555;juliaiwanowicz452@nowowiejska.com
116;Anna;Jaskólska;przewodnik;862523572;annajaskólska983@nowowiejska.com
117;Anastazja;Jedlińska;przewodnik;760580464;anastazjajedlińska566@nowowiejska.com
118;Laura;Danielewska;przewodnik;166620964;lauradanielewska606@nowowiejska.com
119;Jagoda;Gromadzka;przewodnik;847907442;jagodagromadzka158@nowowiejska.com
120;Iga;Chrobot;przewodnik;532459291;igachrobot445@nowowiejska.com
121;Sara;Długosz;przewodnik;768898447;saradługosz033@nowowiejska.com
122;Agata;Jurkiewicz;przewodnik;365632285;agatajurkiewicz536@nowowiejska.com
123;Anastazja;Cuber;przewodnik;736376250;anastazjacuber962@nowowiejska.com
124;Adrianna;Witecka;przewodnik;100180585;adriannawitecka106@nowowiejska.com
125;Laura;Skwara;przewodnik;819778416;lauraskwara930@nowowiejska.com
126;Matylda;Ziemińska;przewodnik;776888509;matyldaziemińska561@nowowiejska.com
127;Rozalia;Ujma;przewodnik;879812605;rozaliaujma135@nowowiejska.com
128;Sara;Kondracka;przewodnik;991139384;sarakondracka936@nowowiejska.com
129;Lena;Bobryk;przewodnik;850703305;lenabobryk145@nowowiejska.com
130;Kinga;Szczypińska;przewodnik;476287370;kingaszczypińska418@nowowiejska.com
131;Alicja;Bodnar;przewodnik;901124431;alicjabodnar965@nowowiejska.com
132;Lilianna;Daszkiewicz;przewodnik;250929551;liliannadaszkiewicz367@nowowiejska.com
133;Matylda;Kocot;przewodnik;848217116;matyldakocot170@nowowiejska.com
134;Kaja;Rząsa;przewodnik;532494271;kajarząsa823@nowowiejska.com
135;Wiktoria;Parol;przewodnik;732349829;wiktoriaparol520@nowowiejska.com
136;Zofia;Deka;przewodnik;597013061;zofiadeka924@nowowiejska.com
137;Hanna;Waśko;przewodnik;501614668;hannawaśko077@nowowiejska.com
138;Lena;Sławek;przewodnik;648735575;lenasławek038@nowowiejska.com
139;Nadia;Pogorzelska;przewodnik;348567155;nadiapogorzelska847@nowowiejska.com
140;Maria;Andruszkiewicz;przewodnik;834404944;mariaandruszkiewicz708@nowowiejska.com
141;Róża;Matysik;przewodnik;634453114;różamatysik129@nowowiejska.com
142;Eliza;Czekańska;przewodnik;793583148;elizaczekańska112@nowowiejska.com
143;Zofia;Rymarczyk;przewodnik;329374199;zofiarymarczyk319@nowowiejska.com
144;Jaśmina;Curyło;przewodnik;341187713;jaśminacuryło051@nowowiejska.com
145;Klara;Czyszczoń;przewodnik;325790053;klaraczyszczoń184@nowowiejska.com
146;Eliza;Bęben;przewodnik;325116363;elizabęben777@nowowiejska.com
147;Magdalena;Zaitseva;przewodnik;708308695;magdalenazaitseva216@nowowiejska.com
148;Magdalena;Godlewska;przewodnik;452190648;magdalenagodlewska879@nowowiejska.com
149;Jaśmina;Kwas;przewodnik;383185235;jaśminakwas732@nowowiejska.com
150;Antonina;Szumilas;przewodnik;396212501;antoninaszumilas169@nowowiejska.com
151;Emilia;Trojan;przewodnik;432810554;emiliatrojan022@nowowiejska.com
152;Barbara;Szołtysek;przewodnik;144795067;barbaraszołtysek561@nowowiejska.com
153;Helena;Jędrzejak;przewodnik;477029780;helenajędrzejak448@nowowiejska.com
154;Maria;Komarnicka;przewodnik;746611159;mariakomarnicka267@nowowiejska.com
155;Marianna;Binkiewicz;przewodnik;614868532;mariannabinkiewicz790@nowowiejska.com
156;Barbara;Gromek;przewodnik;528369368;barbaragromek689@nowowiejska.com
157;Weronika;Podgórna;przewodnik;990084327;weronikapodgórna907@nowowiejska.com
158;Martyna;Falińska;przewodnik;794605528;martynafalińska639@nowowiejska.com
159;Maria;Witt;przewodnik;516485528;mariawitt324@nowowiejska.com
160;Zuzanna;Dzikowska;przewodnik;372923882;zuzannadzikowska080@nowowiejska.com
161;Hanna;Bobińska;przewodnik;434643387;hannabobińska729@nowowiejska.com
162;Liliana;Pietryga;przewodnik;896213160;lilianapietryga432@nowowiejska.com
163;Rozalia;Filipska;przewodnik;523828782;rozaliafilipska859@nowowiejska.com
164;Martyna;Arendt;przewodnik;314121935;martynaarendt305@nowowiejska.com
165;Amelia;Ziaja;przewodnik;689755695;ameliaziaja670@nowowiejska.com
166;Zuzanna;Hryciuk;przewodnik;759799231;zuzannahryciuk972@nowowiejska.com
167;Nadia;Wołoszyn;przewodnik;656274315;nadiawołoszyn545@nowowiejska.com
168;Martyna;Matuła;przewodnik;363049833;martynamatuła813@nowowiejska.com
169;Jaśmina;Anioł;przewodnik;134666705;jaśminaanioł966@nowowiejska.com
170;Michalina;Palamarchuk;przewodnik;657214805;michalinapalamarchuk885@nowowiejska.com
171;Blanka;Pisarska;przewodnik;801099440;blankapisarska517@nowowiejska.com
172;Nina;Jurak;przewodnik;446596561;ninajurak261@nowowiejska.com
173;Rozalia;Gorczyca;przewodnik;587778424;rozaliagorczyca052@nowowiejska.com
174;Agata;Pawełczyk;przewodnik;858160765;agatapawełczyk418@nowowiejska.com
175;Anastazja;Kukułka;przewodnik;527147154;anastazjakukułka481@nowowiejska.com
176;Alicja;Ciepiela;przewodnik;465516129;alicjaciepiela862@nowowiejska.com
177;Karolina;Piróg;przewodnik;958007639;karolinapiróg830@nowowiejska.com
178;Nadia;Pacek;przewodnik;998817192;nadiapacek777@nowowiejska.com
179;Aniela;Zasada;przewodnik;143556886;anielazasada044@nowowiejska.com
180;Nela;Gaik;przewodnik;574472699;nelagaik207@nowowiejska.com
181;Aleksandra;Stala;przewodnik;455244980;aleksandrastala462@nowowiejska.com
182;Róża;Błaszczuk;przewodnik;249902621;różabłaszczuk903@nowowiejska.com
183;Marcelina;Wojtala;przewodnik;280441921;marcelinawojtala510@nowowiejska.com
184;Natalia;Kropidłowska;przewodnik;487378461;nataliakropidłowska863@nowowiejska.com
185;Liliana;Chmielarz;przewodnik;124251989;lilianachmielarz542@nowowiejska.com
186;Jaśmina;Makowiecka;przewodnik;772304147;jaśminamakowiecka312@nowowiejska.com
187;Lilianna;Rybińska;przewodnik;665806063;liliannarybińska399@nowowiejska.com
188;Liwia;Kulczycka;przewodnik;334890953;liwiakulczycka158@nowowiejska.com
189;Liwia;Mrówczyńska;przewodnik;375919434;liwiamrówczyńska467@nowowiejska.com
190;Magdalena;Żygadło;przewodnik;384486837;magdalenażygadło448@nowowiejska.com
191;Nikola;Szary;przewodnik;605145966;nikolaszary064@nowowiejska.com
192;Magdalena;Khomenko;przewodnik;468352524;magdalenakhomenko925@nowowiejska.com
193;Hanna;Lalik;przewodnik;786681496;hannalalik957@nowowiejska.com
194;Melania;Tyszko;przewodnik;466319284;melaniatyszko166@nowowiejska.com
195;Natalia;Żuk;przewodnik;896516364;nataliażuk817@nowowiejska.com
196;Martyna;Żuk;przewodnik;157246199;martynażuk683@nowowiejska.com
197;Nina;Włodkowska;przewodnik;331568790;ninawłodkowska109@nowowiejska.com
198;Hanna;Rusek;przewodnik;449288998;hannarusek591@nowowiejska.com
199;Laura;Stanisławska;przewodnik;330253903;laurastanisławska669@nowowiejska.com
200;Alicja;Honcharuk;przewodnik;867872303;alicjahoncharuk291@nowowiejska.com
201;Magdalena;Bondar;przewodnik;910826224;magdalenabondar691@nowowiejska.com
202;Aleksandra;Pruszyńska;przewodnik;882937457;aleksandrapruszyńska982@nowowiejska.com
203;Kornelia;Kosecka;przewodnik;950184209;korneliakosecka820@nowowiejska.com
204;Antonina;Radtke;przewodnik;197608350;antoninaradtke417@nowowiejska.com
205;Kornelia;Paprocka;przewodnik;272318741;korneliapaprocka617@nowowiejska.com
206;Aurelia;Osiak;przewodnik;183753518;aureliaosiak184@nowowiejska.com
207;Eliza;Czarna;przewodnik;981531767;elizaczarna306@nowowiejska.com
208;Kornelia;Smykowska;przewodnik;147178541;korneliasmykowska439@nowowiejska.com
209;Amelia;Bieniasz;przewodnik;620534320;ameliabieniasz931@nowowiejska.com
210;Martyna;Lisiecka;przewodnik;386830564;martynalisiecka397@nowowiejska.com
211;Natalia;Kubiczek;przewodnik;578424658;nataliakubiczek112@nowowiejska.com
212;Łucja;Sak;przewodnik;992673936;łucjasak294@nowowiejska.com
213;Barbara;Karasek;przewodnik;418700785;barbarakarasek259@nowowiejska.com
214;Amelia;Poprawa;przewodnik;595730472;ameliapoprawa829@nowowiejska.com
215;Iga;Krzywda;przewodnik;967668920;igakrzywda695@nowowiejska.com
216;Barbara;Chylińska;przewodnik;606282897;barbarachylińska379@nowowiejska.com
217;Liwia;Tarasenko;przewodnik;382807321;liwiatarasenko625@nowowiejska.com
218;Nadia;Michalczuk;przewodnik;882247832;nadiamichalczuk443@nowowiejska.com
219;Wanda;Sobota;przewodnik;223916308;wandasobota026@nowowiejska.com
220;Matylda;Wolak;przewodnik;715437346;matyldawolak198@nowowiejska.com
221;Jagoda;Łoza;przewodnik;323640361;jagodałoza271@nowowiejska.com
222;Marcelina;Jarząb;przewodnik;664713545;marcelinajarząb035@nowowiejska.com
223;Sara;Jaśkowska;przewodnik;606727960;sarajaśkowska146@nowowiejska.com
224;Aniela;Szczęch;przewodnik;590098118;anielaszczęch795@nowowiejska.com
225;Anna;Prusaczyk;przewodnik;211334426;annaprusaczyk307@nowowiejska.com
226;Milena;Iwańska;przewodnik;336894955;milenaiwańska842@nowowiejska.com
227;Magdalena;Petrova;przewodnik;564483161;magdalenapetrova581@nowowiejska.com
228;Gabriela;Krzemień;przewodnik;730989426;gabrielakrzemień092@nowowiejska.com
229;Anna;Koval;przewodnik;389967652;annakoval254@nowowiejska.com
230;Łucja;Gajda;przewodnik;301866124;łucjagajda532@nowowiejska.com
231;Aleksandra;Przybylska;przewodnik;370512755;aleksandraprzybylska602@nowowiejska.com
232;Milena;Chromińska;przewodnik;364870535;milenachromińska017@nowowiejska.com
233;Gabriela;Zimnoch;przewodnik;463656470;gabrielazimnoch243@nowowiejska.com
234;Barbara;Kaliszuk;przewodnik;777978388;barbarakaliszuk799@nowowiejska.com
235;Nikola;Bondaruk;przewodnik;655364282;nikolabondaruk509@nowowiejska.com
236;Łucja;Rytel;przewodnik;718967422;łucjarytel741@nowowiejska.com
237;Barbara;Zduniak;przewodnik;321463368;barbarazduniak600@nowowiejska.com
238;Julia;Ludwiczak;przewodnik;332574910;julialudwiczak124@nowowiejska.com
239;Karolina;Ceglarska;przewodnik;338402193;karolinaceglarska466@nowowiejska.com
240;Wiktoria;Cebulska;przewodnik;224878241;wiktoriacebulska502@nowowiejska.com
241;Gaja;Iwińska;przewodnik;945388142;gajaiwińska721@nowowiejska.com
242;Rozalia;Kamecka;przewodnik;409766778;rozaliakamecka853@nowowiejska.com
243;Nela;Toporowska;przewodnik;405165229;nelatoporowska822@nowowiejska.com
244;Barbara;Karoń;przewodnik;789634894;barbarakaroń198@nowowiejska.com
245;Laura;Maciaszczyk;przewodnik;704234382;lauramaciaszczyk151@nowowiejska.com
246;Emilia;Rogalska;przewodnik;380522164;emiliarogalska060@nowowiejska.com
247;Marianna;Legierska;przewodnik;658141637;mariannalegierska506@nowowiejska.com
248;Maja;Kramarz;przewodnik;208246527;majakramarz270@nowowiejska.com
249;Lena;Deptuła;przewodnik;407441788;lenadeptuła126@nowowiejska.com
250;Jagoda;Wasiak;przewodnik;372154485;jagodawasiak173@nowowiejska.com
251;Pola;Bryl;przewodnik;568719573;polabryl213@nowowiejska.com
252;Amelia;Brzoza;przewodnik;422606146;ameliabrzoza982@nowowiejska.com
253;Nadia;Sobieska;przewodnik;342504722;nadiasobieska406@nowowiejska.com
254;Nikola;Just;przewodnik;461434480;nikolajust026@nowowiejska.com
255;Rozalia;Musielak;przewodnik;545230096;rozaliamusielak620@nowowiejska.com
256;Kinga;Figarska;przewodnik;555550619;kingafigarska550@nowowiejska.com
257;Nadia;Kępka;przewodnik;852874461;nadiakępka152@nowowiejska.com
258;Lena;Szuba;przewodnik;327313504;lenaszuba157@nowowiejska.com
259;Antonina;Wardęga;przewodnik;793808147;antoninawardęga938@nowowiejska.com
260;Łucja;Brzozowska;przewodnik;927117774;łucjabrzozowska891@nowowiejska.com
261;Nadia;Sanecka;przewodnik;347518151;nadiasanecka862@nowowiejska.com
262;Emilia;Kupczyk;przewodnik;805374112;emiliakupczyk565@nowowiejska.com
263;Melania;Semenova;kierowca;923084155;melaniasemenova097@nowowiejska.com
264;Melania;Żołądek;kierowca;817179588;melaniażołądek616@nowowiejska.com
265;Magdalena;Wszołek;kierowca;438643681;magdalenawszołek590@nowowiejska.com
266;Nikola;Opalińska;kierowca;384410556;nikolaopalińska112@nowowiejska.com
267;Agata;Borkowska;kierowca;865893747;agataborkowska689@nowowiejska.com
268;Rozalia;Mrugała;kierowca;552455473;rozaliamrugała994@nowowiejska.com
269;Blanka;Dudka;kierowca;762579175;blankadudka594@nowowiejska.com
270;Anna;Kulawik;kierowca;285690546;annakulawik448@nowowiejska.com
271;Sara;Mierzwińska;kierowca;722068345;saramierzwińska911@nowowiejska.com
272;Oliwia;Rydel;kierowca;599368048;oliwiarydel498@nowowiejska.com
273;Jaśmina;Roszak;kierowca;712605030;jaśminaroszak239@nowowiejska.com
274;Pola;Biela;kierowca;778989560;polabiela072@nowowiejska.com
275;Martyna;Żakowska;kierowca;694668851;martynażakowska532@nowowiejska.com
276;Eliza;Buła;kierowca;907898884;elizabuła366@nowowiejska.com
277;Barbara;Strzelczyk;kierowca;721103446;barbarastrzelczyk071@nowowiejska.com
278;Adrianna;Gromek;kierowca;977377034;adriannagromek412@nowowiejska.com
279;Anna;Rogala;kierowca;233962946;annarogala136@nowowiejska.com
280;Wiktoria;Kujawa;kierowca;366941945;wiktoriakujawa057@nowowiejska.com
281;Mia;Kita;kierowca;221676671;miakita657@nowowiejska.com
282;Julia;Marciniak;kierowca;662451021;juliamarciniak379@nowowiejska.com
283;Jaśmina;Więckowska;kierowca;650413515;jaśminawięckowska104@nowowiejska.com
284;Karolina;Kulka;kierowca;419764948;karolinakulka181@nowowiejska.com
285;Jaśmina;Sulima;kierowca;265756252;jaśminasulima364@nowowiejska.com
286;Jagoda;Kosmala;kierowca;648318053;jagodakosmala992@nowowiejska.com
287;Nikola;Jaskólska;kierowca;832049147;nikolajaskólska358@nowowiejska.com
288;Weronika;Stanisławczyk;kierowca;468403809;weronikastanisławczyk299@nowowiejska.com
289;Melania;Szlęzak;kierowca;784821382;melaniaszlęzak775@nowowiejska.com
290;Anastazja;Biesiada;kierowca;475296134;anastazjabiesiada449@nowowiejska.com
291;Emilia;Nita;kierowca;519844221;emilianita880@nowowiejska.com
292;Eliza;Klasa;kierowca;216790503;elizaklasa206@nowowiejska.com
293;Wanda;Kacprzak;kierowca;795870051;wandakacprzak577@nowowiejska.com
294;Anna;Stankowska;kierowca;697562845;annastankowska301@nowowiejska.com
295;Lilianna;Mackiewicz;kierowca;645501126;liliannamackiewicz656@nowowiejska.com
296;Hanna;Kiszka;kierowca;177704859;hannakiszka577@nowowiejska.com
297;Aurelia;Jeznach;kierowca;334275773;aureliajeznach087@nowowiejska.com
298;Hanna;Stańczyk;kierowca;608886712;hannastańczyk533@nowowiejska.com
299;Magdalena;Kolisnyk;kierowca;248024104;magdalenakolisnyk835@nowowiejska.com
300;Maja;Krzywicka;kierowca;731188262;majakrzywicka746@nowowiejska.com
301;Aniela;Skrodzka;kierowca;610826553;anielaskrodzka522@nowowiejska.com
302;Łucja;Szczypior;kierowca;612944088;łucjaszczypior598@nowowiejska.com
303;Alicja;Żyła;kierowca;643882987;alicjażyła450@nowowiejska.com
304;Kornelia;Bień;kierowca;728344440;korneliabień121@nowowiejska.com
305;Agata;Wojda;kierowca;670234021;agatawojda138@nowowiejska.com
306;Marcelina;Gonciarz;kierowca;906201263;marcelinagonciarz573@nowowiejska.com
307;Anna;Gut;kierowca;882631133;annagut772@nowowiejska.com
308;Oliwia;Wszołek;kierowca;143885904;oliwiawszołek914@nowowiejska.com
309;Marianna;Klimiuk;kierowca;737814844;mariannaklimiuk394@nowowiejska.com
310;Emilia;Górak;kierowca;921900177;emiliagórak617@nowowiejska.com
311;Milena;Szulik;kierowca;766273355;milenaszulik159@nowowiejska.com
312;Mia;Kupczyk;kierowca;833392637;miakupczyk466@nowowiejska.com
313;Klara;Lenkiewicz;kierowca;693552488;klaralenkiewicz764@nowowiejska.com
314;Zuzanna;Popowicz;kierowca;940428592;zuzannapopowicz782@nowowiejska.com
315;Adrianna;Firek;kierowca;175236833;adriannafirek856@nowowiejska.com
316;Milena;Małachowska;kierowca;926692500;milenamałachowska443@nowowiejska.com
317;Anna;Malczewska;kierowca;931816300;annamalczewska012@nowowiejska.com
318;Adrianna;Prus;kierowca;520119758;adriannaprus098@nowowiejska.com
319;Kinga;Knapik;kierowca;475316742;kingaknapik534@nowowiejska.com
320;Laura;Juskowiak;kierowca;768828151;laurajuskowiak634@nowowiejska.com
321;Rozalia;Dymek;kierowca;890992930;rozaliadymek783@nowowiejska.com
322;Mia;Błachut;kierowca;768309063;miabłachut425@nowowiejska.com
323;Aleksandra;Wojtasik;kierowca;717079825;aleksandrawojtasik678@nowowiejska.com
324;Zofia;Łatka;kierowca;455582720;zofiałatka085@nowowiejska.com
325;Magdalena;Babicz;kierowca;668832734;magdalenababicz489@nowowiejska.com
326;Rozalia;Nawara;kierowca;708491327;rozalianawara902@nowowiejska.com
327;Oliwia;Konior;kierowca;274583996;oliwiakonior302@nowowiejska.com
328;Karolina;Seremak;kierowca;453671523;karolinaseremak553@nowowiejska.com
329;Liwia;Sędłak;kierowca;200646831;liwiasędłak425@nowowiejska.com
330;Gabriela;Bilous;kierowca;528787591;gabrielabilous472@nowowiejska.com
331;Maria;Polaczek;kierowca;789589297;mariapolaczek465@nowowiejska.com
332;Alicja;Madalińska;kierowca;917254358;alicjamadalińska262@nowowiejska.com
333;Łucja;Rajchel;kierowca;861067418;łucjarajchel418@nowowiejska.com
334;Magdalena;Gąsior;kierowca;232169946;magdalenagąsior528@nowowiejska.com
335;Aleksandra;Żuber;kierowca;637483589;aleksandrażuber428@nowowiejska.com
336;Lilianna;Ciupa;kierowca;798461233;liliannaciupa956@nowowiejska.com
337;Zofia;Truszczyńska;kierowca;647702389;zofiatruszczyńska348@nowowiejska.com
338;Mia;Raczkowska;kierowca;326248212;miaraczkowska411@nowowiejska.com
339;Zofia;Pogoda;kierowca;626793113;zofiapogoda884@nowowiejska.com
340;Nela;Podlaska;kierowca;253256506;nelapodlaska309@nowowiejska.com
341;Liliana;Kapica;kierowca;542408433;lilianakapica043@nowowiejska.com
342;Adrianna;Opalińska;kierowca;954499956;adriannaopalińska358@nowowiejska.com
343;Kinga;Szymankiewicz;kierowca;167850555;kingaszymankiewicz788@nowowiejska.com
344;Agata;Kravchuk;kierowca;960546175;agatakravchuk136@nowowiejska.com
345;Antonina;Bartoszuk;kierowca;670076540;antoninabartoszuk369@nowowiejska.com
346;Gabriela;Gruchała;kierowca;732583419;gabrielagruchała617@nowowiejska.com
347;Rozalia;Oleś;kierowca;432721730;rozaliaoleś953@nowowiejska.com
348;Martyna;Novak;kierowca;298015731;martynanovak157@nowowiejska.com
349;Nadia;Filipek;kierowca;458207552;nadiafilipek804@nowowiejska.com
350;Pola;Rolka;kierowca;377091507;polarolka060@nowowiejska.com
351;Wanda;Dymińska;kierowca;903157741;wandadymińska580@nowowiejska.com
352;Jagoda;Osuch;kierowca;991104653;jagodaosuch571@nowowiejska.com
353;Maja;Garus;kierowca;966570627;majagarus389@nowowiejska.com
354;Kinga;Szefer;kierowca;433807534;kingaszefer807@nowowiejska.com
355;Blanka;Krzemień;kierowca;423288460;blankakrzemień784@nowowiejska.com
356;Rozalia;Bobińska;kierowca;292333850;rozaliabobińska086@nowowiejska.com
357;Mia;Deska;kierowca;244728789;miadeska712@nowowiejska.com
358;Liliana;Błachowicz;kierowca;362205083;lilianabłachowicz373@nowowiejska.com
359;Aniela;Izdebska;kierowca;645760248;anielaizdebska491@nowowiejska.com
360;Aurelia;Kwaśniewska;kierowca;790136892;aureliakwaśniewska006@nowowiejska.com
361;Aniela;Klimas;kierowca;166761556;anielaklimas074@nowowiejska.com
362;Milena;Mrówka;kierowca;907640845;milenamrówka685@nowowiejska.com
363;Michalina;Gurgul;kierowca;194753243;michalinagurgul291@nowowiejska.com
364;Zuzanna;Studzińska;kierowca;790126908;zuzannastudzińska223@nowowiejska.com
365;Gabriela;Kupczyk;kierowca;468844951;gabrielakupczyk527@nowowiejska.com
366;Maria;Walicka;kierowca;564793221;mariawalicka203@nowowiejska.com
367;Nikola;Ploch;kierowca;977226158;nikolaploch617@nowowiejska.com
368;Martyna;Dryja;kierowca;254083092;martynadryja145@nowowiejska.com
369;Amelia;Wolniewicz;kierowca;196449430;ameliawolniewicz874@nowowiejska.com
370;Wanda;Kubat;kierowca;518343028;wandakubat895@nowowiejska.com
371;Karolina;Sienkiewicz;kierowca;280667901;karolinasienkiewicz509@nowowiejska.com
372;Laura;Grajek;kierowca;267617774;lauragrajek533@nowowiejska.com
373;Róża;Owczarz;kierowca;399657667;różaowczarz689@nowowiejska.com
374;Klara;Grochulska;kierowca;907961411;klaragrochulska937@nowowiejska.com
375;Pola;Kołakowska;kierowca;941082779;polakołakowska276@nowowiejska.com
376;Matylda;Rawska;kierowca;264754432;matyldarawska618@nowowiejska.com
377;Hanna;Daniluk;kierowca;439678552;hannadaniluk001@nowowiejska.com
378;Maja;Wolny;kierowca;234397199;majawolny314@nowowiejska.com
379;Alicja;Włodarczak;kierowca;567759707;alicjawłodarczak603@nowowiejska.com
380;Aleksandra;Szwarc;kierowca;966448980;aleksandraszwarc945@nowowiejska.com
381;Iga;Karska;kierowca;156281118;igakarska309@nowowiejska.com
382;Lilianna;Popek;kierowca;533338376;liliannapopek151@nowowiejska.com
383;Łucja;Honcharenko;kierowca;153599051;łucjahoncharenko315@nowowiejska.com
384;Aurelia;Klawikowska;kierowca;948323251;aureliaklawikowska982@nowowiejska.com
385;Kornelia;Sobkowiak;kierowca;424455025;korneliasobkowiak280@nowowiejska.com
386;Alicja;Dwojak;kierowca;827514266;alicjadwojak612@nowowiejska.com
387;Klara;Moś;kierowca;127072219;klaramoś852@nowowiejska.com
388;Mia;Borowik;kierowca;381057022;miaborowik197@nowowiejska.com
389;Melania;Smoła;kierowca;250791829;melaniasmoła031@nowowiejska.com
390;Emilia;Dobrovolska;kierowca;403500198;emiliadobrovolska631@nowowiejska.com
391;Liwia;Szmit;kierowca;378629940;liwiaszmit762@nowowiejska.com
392;Zofia;Mól;kierowca;354187843;zofiamól500@nowowiejska.com
393;Anastazja;Szczęsny;kierowca;529310698;anastazjaszczęsny159@nowowiejska.com
394;Maciej;Bogus;przewodnik;817911152;maciejbogus248@nowowiejska.com
395;Tymoteusz;Hirsz;przewodnik;999220903;tymoteuszhirsz394@nowowiejska.com
396;Jakub;Młynarski;przewodnik;745415604;jakubmłynarski083@nowowiejska.com
397;Marcel;Zaorski;przewodnik;754704910;marcelzaorski768@nowowiejska.com
398;Oliwier;Goździewski;przewodnik;137921872;oliwiergoździewski091@nowowiejska.com
399;Mark;Nosek;przewodnik;512874557;marknosek671@nowowiejska.com
400;Marcel;Holub;przewodnik;197007726;marcelholub424@nowowiejska.com
401;Teodor;Karasek;przewodnik;799516328;teodorkarasek380@nowowiejska.com
402;Aleksander;Perek;przewodnik;556142959;aleksanderperek861@nowowiejska.com
403;Karol;Górczyński;przewodnik;105567618;karolgórczyński937@nowowiejska.com
404;Marcel;Rudenko;przewodnik;855542338;marcelrudenko398@nowowiejska.com
405;Teodor;Gugała;przewodnik;234885139;teodorgugała919@nowowiejska.com
406;Dominik;Tyszko;przewodnik;837438872;dominiktyszko837@nowowiejska.com
407;Artur;Długołęcki;przewodnik;433401284;arturdługołęcki217@nowowiejska.com
408;Mikołaj;Sulewski;przewodnik;776176144;mikołajsulewski592@nowowiejska.com
409;Krzysztof;Ścisłowski;przewodnik;931060640;krzysztofścisłowski183@nowowiejska.com
410;Mark;Frej;przewodnik;648089075;markfrej408@nowowiejska.com
411;Cezary;Jaros;przewodnik;108079775;cezaryjaros022@nowowiejska.com
412;Mark;Rachwał;przewodnik;548216661;markrachwał457@nowowiejska.com
413;Maciej;Sadowski;przewodnik;883582305;maciejsadowski775@nowowiejska.com
414;Mateusz;Rogacki;przewodnik;369845586;mateuszrogacki326@nowowiejska.com
415;Kamil;Sośnicki;przewodnik;669072393;kamilsośnicki130@nowowiejska.com
416;Mikołaj;Borowiecki;przewodnik;327319733;mikołajborowiecki153@nowowiejska.com
417;Artur;Pylypenko;przewodnik;598479955;arturpylypenko148@nowowiejska.com
418;Fabian;Pieczka;przewodnik;210364565;fabianpieczka896@nowowiejska.com
419;Paweł;Mielczarek;przewodnik;736151885;pawełmielczarek458@nowowiejska.com
420;Tomasz;Hildebrandt;przewodnik;877281061;tomaszhildebrandt170@nowowiejska.com
421;Artur;Smółka;przewodnik;951859117;artursmółka926@nowowiejska.com
422;Kajetan;Rączkowski;przewodnik;963192538;kajetanrączkowski781@nowowiejska.com
423;Oskar;Cieśla;przewodnik;588067834;oskarcieśla287@nowowiejska.com
424;Paweł;Tarasiewicz;przewodnik;754811527;pawełtarasiewicz773@nowowiejska.com
425;Jan;Wojtyczka;przewodnik;261044990;janwojtyczka522@nowowiejska.com
426;Aleksander;Kobiałka;przewodnik;412509346;aleksanderkobiałka593@nowowiejska.com
427;Kajetan;Cwalina;przewodnik;720722655;kajetancwalina396@nowowiejska.com
428;Hubert;Kravets;przewodnik;410807518;hubertkravets625@nowowiejska.com
429;Ksawery;Kunikowski;przewodnik;721794873;ksawerykunikowski100@nowowiejska.com
430;Fabian;Bajkowski;przewodnik;641206199;fabianbajkowski357@nowowiejska.com
431;Piotr;Bialik;przewodnik;277661197;piotrbialik891@nowowiejska.com
432;Wojciech;Chrobak;przewodnik;606484310;wojciechchrobak697@nowowiejska.com
433;Szymon;Bylica;przewodnik;278906904;szymonbylica606@nowowiejska.com
434;Marcel;Tlałka;przewodnik;431120767;marceltlałka093@nowowiejska.com
435;Bruno;Krauze;przewodnik;554887382;brunokrauze746@nowowiejska.com
436;Julian;Polakowski;przewodnik;710810805;julianpolakowski798@nowowiejska.com
437;Kazimierz;Ulatowski;przewodnik;867616366;kazimierzulatowski996@nowowiejska.com
438;Gabriel;Szewczyk;przewodnik;930383128;gabrielszewczyk150@nowowiejska.com
439;Filip;Jarczewski;przewodnik;388616092;filipjarczewski911@nowowiejska.com
440;Marcel;Bobek;przewodnik;545439607;marcelbobek536@nowowiejska.com
441;Cezary;Bronisz;przewodnik;173214778;cezarybronisz734@nowowiejska.com
442;Borys;Stencel;przewodnik;927773660;borysstencel923@nowowiejska.com
443;Wiktor;Olkiewicz;przewodnik;587811401;wiktorolkiewicz395@nowowiejska.com
444;Maciej;Pawiński;przewodnik;717377092;maciejpawiński446@nowowiejska.com
445;Dominik;Leśniowski;przewodnik;525225366;dominikleśniowski497@nowowiejska.com
446;Natan;Wardak;przewodnik;846987886;natanwardak213@nowowiejska.com
447;Oskar;Dmytruk;przewodnik;416802671;oskardmytruk818@nowowiejska.com
448;Leo;Wiśniewski;przewodnik;367651706;leowiśniewski302@nowowiejska.com
449;Hubert;Kociński;przewodnik;640643991;hubertkociński836@nowowiejska.com
450;Milan;Orlov;przewodnik;732584272;milanorlov509@nowowiejska.com
451;Ksawery;Krzysiek;przewodnik;654526003;ksawerykrzysiek794@nowowiejska.com
452;Mikołaj;Kasza;przewodnik;162257196;mikołajkasza607@nowowiejska.com
453;Julian;Młynek;przewodnik;731015577;julianmłynek354@nowowiejska.com
454;Aleksander;Studziński;przewodnik;330001242;aleksanderstudziński656@nowowiejska.com
455;Kajetan;Pankowski;przewodnik;196866735;kajetanpankowski620@nowowiejska.com
456;Antoni;Stasiewicz;przewodnik;785063189;antonistasiewicz427@nowowiejska.com
457;Piotr;Brożek;przewodnik;936400738;piotrbrożek997@nowowiejska.com
458;Filip;Buras;przewodnik;115053408;filipburas602@nowowiejska.com
459;Mateusz;Wacławek;przewodnik;994951738;mateuszwacławek228@nowowiejska.com
460;Mateusz;Sołtys;przewodnik;343503396;mateuszsołtys011@nowowiejska.com
461;Witold;Gąska;przewodnik;136985541;witoldgąska868@nowowiejska.com
462;Borys;Szozda;przewodnik;145332024;borysszozda734@nowowiejska.com
463;Mark;Sędziak;przewodnik;203911711;marksędziak265@nowowiejska.com
464;Leon;Strzelczyk;przewodnik;662915411;leonstrzelczyk474@nowowiejska.com
465;Ignacy;Głodek;przewodnik;588540152;ignacygłodek293@nowowiejska.com
466;Oskar;Leśniowski;przewodnik;314457353;oskarleśniowski014@nowowiejska.com
467;Artur;Pastwa;przewodnik;787266929;arturpastwa522@nowowiejska.com
468;Tadeusz;Szostek;przewodnik;740239263;tadeuszszostek393@nowowiejska.com
469;Tymoteusz;Faron;przewodnik;900890139;tymoteuszfaron445@nowowiejska.com
470;Maksymilian;Sobczuk;przewodnik;930555690;maksymiliansobczuk312@nowowiejska.com
471;Kazimierz;Opara;przewodnik;165902618;kazimierzopara018@nowowiejska.com
472;Miłosz;Velychko;przewodnik;288386941;miłoszvelychko683@nowowiejska.com
473;Szymon;Wronowski;przewodnik;674302155;szymonwronowski785@nowowiejska.com
474;Mark;Kalus;przewodnik;725153787;markkalus016@nowowiejska.com
475;Ksawery;Wybraniec;przewodnik;317378403;ksawerywybraniec914@nowowiejska.com
476;Michał;Dobosz;przewodnik;296567797;michałdobosz504@nowowiejska.com
477;Antoni;Gruba;przewodnik;841807635;antonigruba489@nowowiejska.com
478;Ignacy;Suchomski;przewodnik;653825098;ignacysuchomski092@nowowiejska.com
479;Bruno;Kafel;przewodnik;602836487;brunokafel659@nowowiejska.com
480;Fabian;Turkiewicz;przewodnik;922550722;fabianturkiewicz572@nowowiejska.com
481;Daniel;Papież;przewodnik;544841957;danielpapież890@nowowiejska.com
482;Witold;Sosna;przewodnik;882183118;witoldsosna108@nowowiejska.com
483;Oskar;Konieczny;przewodnik;775582663;oskarkonieczny493@nowowiejska.com
484;Kuba;Babiarz;przewodnik;797258867;kubababiarz676@nowowiejska.com
485;Alan;Guzik;przewodnik;674773502;alanguzik274@nowowiejska.com
486;Paweł;Walaszczyk;przewodnik;266410120;pawełwalaszczyk280@nowowiejska.com
487;Bartosz;Staszewski;przewodnik;270382271;bartoszstaszewski641@nowowiejska.com
488;Jakub;Trzaska;przewodnik;246402367;jakubtrzaska365@nowowiejska.com
489;Wiktor;Dziubek;przewodnik;824132584;wiktordziubek237@nowowiejska.com
490;Oliwier;Kościański;przewodnik;109577213;oliwierkościański361@nowowiejska.com
491;Piotr;Stanisławczyk;przewodnik;858417864;piotrstanisławczyk979@nowowiejska.com
492;Borys;Miłkowski;przewodnik;201818565;borysmiłkowski486@nowowiejska.com
493;Kazimierz;Iwaszko;przewodnik;689571941;kazimierziwaszko719@nowowiejska.com
494;Kajetan;Bańka;przewodnik;573155449;kajetanbańka718@nowowiejska.com
495;Leon;Vlasenko;przewodnik;972593068;leonvlasenko949@nowowiejska.com
496;Kuba;Chudzik;przewodnik;526908319;kubachudzik960@nowowiejska.com
497;Hubert;Stręk;przewodnik;229448707;hubertstręk161@nowowiejska.com
498;Michał;Wójtowicz;przewodnik;810842617;michałwójtowicz666@nowowiejska.com
499;Józef;Piech;przewodnik;213519159;józefpiech836@nowowiejska.com
500;Dawid;Andrzejczyk;przewodnik;218468694;dawidandrzejczyk646@nowowiejska.com
501;Mark;Kwieciński;przewodnik;946484205;markkwieciński770@nowowiejska.com
502;Leon;Surowiec;przewodnik;303705312;leonsurowiec193@nowowiejska.com
503;Julian;Bąkowski;przewodnik;669385768;julianbąkowski696@nowowiejska.com
504;Henryk;Kuśmirek;przewodnik;238725063;henrykkuśmirek049@nowowiejska.com
505;Ignacy;Kluczyński;przewodnik;630539290;ignacykluczyński923@nowowiejska.com
506;Adam;Baliński;przewodnik;694631207;adambaliński093@nowowiejska.com
507;Dominik;Gębski;przewodnik;345643061;dominikgębski283@nowowiejska.com
508;Gabriel;Kotecki;przewodnik;983583882;gabrielkotecki730@nowowiejska.com
509;Borys;Krzyżak;przewodnik;673643434;boryskrzyżak108@nowowiejska.com
510;Franciszek;Materna;przewodnik;183003257;franciszekmaterna820@nowowiejska.com
511;Kajetan;Tymoshchuk;przewodnik;453350306;kajetantymoshchuk496@nowowiejska.com
512;Jakub;Żukowski;przewodnik;727462018;jakubżukowski155@nowowiejska.com
513;Gabriel;Opiela;przewodnik;815747154;gabrielopiela442@nowowiejska.com
514;Miłosz;Grądzki;przewodnik;379349517;miłoszgrądzki367@nowowiejska.com
515;Mark;Stachoń;przewodnik;710043189;markstachoń413@nowowiejska.com
516;Tymon;Gliszczyński;przewodnik;896709040;tymongliszczyński479@nowowiejska.com
517;Mikołaj;Potoczny;przewodnik;739871235;mikołajpotoczny671@nowowiejska.com
518;Oliwier;Słowikowski;przewodnik;339621457;oliwiersłowikowski328@nowowiejska.com
519;Oliwier;Snopek;przewodnik;360128269;oliwiersnopek685@nowowiejska.com
520;Marcel;Piekarz;przewodnik;682792761;marcelpiekarz771@nowowiejska.com
521;Wiktor;Popiołek;przewodnik;755251178;wiktorpopiołek547@nowowiejska.com
522;Maksymilian;Rosołowski;przewodnik;494338142;maksymilianrosołowski754@nowowiejska.com
523;Julian;Jurecki;przewodnik;905177249;julianjurecki401@nowowiejska.com
524;Natan;Lisewski;przewodnik;573654668;natanlisewski405@nowowiejska.com
525;Paweł;Rychert;przewodnik;869348557;pawełrychert414@nowowiejska.com
526;Filip;Smyk;przewodnik;659100158;filipsmyk747@nowowiejska.com
527;Piotr;Dzwonkowski;przewodnik;132398188;piotrdzwonkowski614@nowowiejska.com
528;Tomasz;Nasiłowski;przewodnik;725557977;tomasznasiłowski985@nowowiejska.com
529;Stanisław;Gala;przewodnik;859311178;stanisławgala767@nowowiejska.com
530;Stanisław;Gzik;przewodnik;772422808;stanisławgzik366@nowowiejska.com
531;Julian;Tyczyński;przewodnik;700127775;juliantyczyński130@nowowiejska.com
532;Karol;Drężek;przewodnik;109951193;karoldrężek443@nowowiejska.com
533;Hubert;Kojder;przewodnik;204537625;hubertkojder598@nowowiejska.com
534;Hubert;Orlik;przewodnik;294568855;hubertorlik762@nowowiejska.com
535;Bruno;Plata;przewodnik;769145006;brunoplata859@nowowiejska.com
536;Marcel;Siejka;przewodnik;631289347;marcelsiejka996@nowowiejska.com
537;Fabian;Jagieła;przewodnik;963613828;fabianjagieła727@nowowiejska.com
538;Borys;Tokarz;przewodnik;248266530;borystokarz308@nowowiejska.com
539;Piotr;Prokop;przewodnik;239679579;piotrprokop620@nowowiejska.com
540;Kajetan;Oleś;przewodnik;394661793;kajetanoleś056@nowowiejska.com
541;Gabriel;Łazarczyk;przewodnik;125237140;gabrielłazarczyk368@nowowiejska.com
542;Teodor;Skrzypiński;przewodnik;290426291;teodorskrzypiński179@nowowiejska.com
543;Filip;Tymoszuk;przewodnik;697644024;filiptymoszuk535@nowowiejska.com
544;Ignacy;Kwaśny;przewodnik;351713647;ignacykwaśny680@nowowiejska.com
545;Michał;Bogdanowicz;przewodnik;817713865;michałbogdanowicz892@nowowiejska.com
546;Maksymilian;Pikulski;przewodnik;918815384;maksymilianpikulski173@nowowiejska.com
547;Milan;Choma;przewodnik;457342703;milanchoma093@nowowiejska.com
548;Leo;Obrębski;przewodnik;684215468;leoobrębski691@nowowiejska.com
549;Jan;Stańczyk;przewodnik;530027096;janstańczyk604@nowowiejska.com
550;Julian;Czarny;przewodnik;186486940;julianczarny322@nowowiejska.com
551;Kazimierz;Błasiak;przewodnik;900616913;kazimierzbłasiak915@nowowiejska.com
552;Jan;Nikiel;przewodnik;768410788;jannikiel395@nowowiejska.com
553;Józef;Malczewski;przewodnik;960517336;józefmalczewski375@nowowiejska.com
554;Tymoteusz;Winiarz;przewodnik;296222991;tymoteuszwiniarz447@nowowiejska.com
555;Filip;Koryciński;przewodnik;810016192;filipkoryciński458@nowowiejska.com
556;Wiktor;Matusz;przewodnik;100524024;wiktormatusz614@nowowiejska.com
557;Hubert;Ryszka;przewodnik;890111708;hubertryszka942@nowowiejska.com
558;Igor;Tarczyński;przewodnik;644865971;igortarczyński794@nowowiejska.com
559;Teodor;Kossowski;przewodnik;951118276;teodorkossowski911@nowowiejska.com
560;Bartosz;Radziejewski;przewodnik;798539528;bartoszradziejewski608@nowowiejska.com
561;Kamil;Kogut;przewodnik;825034812;kamilkogut794@nowowiejska.com
562;Daniel;Poliński;przewodnik;432379226;danielpoliński353@nowowiejska.com
563;Tymon;Biskup;przewodnik;487021019;tymonbiskup430@nowowiejska.com
564;Henryk;Kuchta;przewodnik;354721684;henrykkuchta765@nowowiejska.com
565;Bartłomiej;Idzikowski;przewodnik;299675417;bartłomiejidzikowski324@nowowiejska.com
566;Ksawery;Hendzel;przewodnik;356617083;ksaweryhendzel477@nowowiejska.com
567;Bartosz;Kmieciak;przewodnik;184333874;bartoszkmieciak797@nowowiejska.com
568;Leon;Poprawa;przewodnik;711881017;leonpoprawa509@nowowiejska.com
569;Nikodem;Koch;przewodnik;724237297;nikodemkoch546@nowowiejska.com
570;Adam;Wesołowski;przewodnik;549654467;adamwesołowski841@nowowiejska.com
571;Bartłomiej;Łoś;przewodnik;688487812;bartłomiejłoś971@nowowiejska.com
572;Leo;Górski;przewodnik;345355589;leogórski594@nowowiejska.com
573;Dawid;Gołąb;przewodnik;141297043;dawidgołąb230@nowowiejska.com
574;Mark;Świerczewski;przewodnik;387222637;markświerczewski051@nowowiejska.com
575;Kuba;Bobowski;przewodnik;454362702;kubabobowski677@nowowiejska.com
576;Piotr;Staszewski;przewodnik;413300015;piotrstaszewski563@nowowiejska.com
577;Teodor;Szydłowski;przewodnik;409165725;teodorszydłowski331@nowowiejska.com
578;Igor;Kmiecik;przewodnik;786082259;igorkmiecik240@nowowiejska.com
579;Krzysztof;Grabiec;przewodnik;468767690;krzysztofgrabiec996@nowowiejska.com
580;Tymon;Stępkowski;przewodnik;259927218;tymonstępkowski340@nowowiejska.com
581;Kuba;Marchewka;przewodnik;487108369;kubamarchewka282@nowowiejska.com
582;Oliwier;Piechocki;przewodnik;582594522;oliwierpiechocki506@nowowiejska.com
583;Igor;Dąbrowski;przewodnik;943647363;igordąbrowski518@nowowiejska.com
584;Oskar;Staniszewski;przewodnik;534437883;oskarstaniszewski394@nowowiejska.com
585;Szymon;Molik;przewodnik;948051062;szymonmolik846@nowowiejska.com
586;Michał;Borowczyk;przewodnik;508808381;michałborowczyk089@nowowiejska.com
587;Artur;Górecki;przewodnik;513475765;arturgórecki676@nowowiejska.com
588;Franciszek;Plewa;przewodnik;503465798;franciszekplewa753@nowowiejska.com
589;Mikołaj;Grządziel;przewodnik;362786583;mikołajgrządziel956@nowowiejska.com
590;Nikodem;Chrząstek;przewodnik;824932075;nikodemchrząstek474@nowowiejska.com
591;Tadeusz;Rygiel;przewodnik;100136541;tadeuszrygiel549@nowowiejska.com
592;Jakub;Machnik;przewodnik;831423879;jakubmachnik908@nowowiejska.com
593;Jakub;Bobryk;przewodnik;377756023;jakubbobryk187@nowowiejska.com
594;Teodor;Lenik;przewodnik;429550780;teodorlenik755@nowowiejska.com
595;Marcel;Łazarski;przewodnik;209492855;marcelłazarski611@nowowiejska.com
596;Franciszek;Nawara;przewodnik;660317248;franciszeknawara664@nowowiejska.com
597;Maciej;Biernacki;przewodnik;972110046;maciejbiernacki185@nowowiejska.com
598;Dawid;Błędowski;przewodnik;874457021;dawidbłędowski006@nowowiejska.com
599;Filip;Korzeń;przewodnik;695243487;filipkorzeń015@nowowiejska.com
600;Kajetan;Kowolik;przewodnik;240856647;kajetankowolik887@nowowiejska.com
601;Marcel;Chwiałkowski;przewodnik;352431983;marcelchwiałkowski440@nowowiejska.com
602;Henryk;Ciborowski;przewodnik;431380171;henrykciborowski875@nowowiejska.com
603;Kamil;Pietras;przewodnik;229037066;kamilpietras308@nowowiejska.com
604;Michał;Kozyra;przewodnik;503613825;michałkozyra495@nowowiejska.com
605;Maksymilian;Maciążek;przewodnik;601385471;maksymilianmaciążek487@nowowiejska.com
606;Natan;Hałat;przewodnik;976289776;natanhałat494@nowowiejska.com
607;Franciszek;Ptasiński;przewodnik;848810661;franciszekptasiński568@nowowiejska.com
608;Leon;Kruszyński;przewodnik;857970089;leonkruszyński195@nowowiejska.com
609;Szymon;Tkaczyk;przewodnik;753790106;szymontkaczyk602@nowowiejska.com
610;Bartłomiej;Dyrcz;przewodnik;127109206;bartłomiejdyrcz855@nowowiejska.com
611;Piotr;Wójcik;przewodnik;988872810;piotrwójcik005@nowowiejska.com
612;Bartosz;Kubacki;przewodnik;109939163;bartoszkubacki230@nowowiejska.com
613;Oliwier;Olchawa;przewodnik;868577649;oliwierolchawa498@nowowiejska.com
614;Adam;Pyrek;przewodnik;615532426;adampyrek471@nowowiejska.com
615;Bruno;Ciecierski;przewodnik;498751194;brunociecierski236@nowowiejska.com
616;Leo;Bartkowski;przewodnik;506732307;leobartkowski671@nowowiejska.com
617;Jakub;Wydrzyński;przewodnik;742168082;jakubwydrzyński850@nowowiejska.com
618;Alan;Baniak;przewodnik;224410698;alanbaniak256@nowowiejska.com
619;Michał;Balcerzak;przewodnik;256090528;michałbalcerzak667@nowowiejska.com
620;Wiktor;Łukawski;przewodnik;715056165;wiktorłukawski889@nowowiejska.com
621;Daniel;Bała;przewodnik;673691900;danielbała412@nowowiejska.com
622;Teodor;Niedziółka;przewodnik;458063468;teodorniedziółka723@nowowiejska.com
623;Mateusz;Jordan;przewodnik;860773175;mateuszjordan564@nowowiejska.com
624;Daniel;Drozd;przewodnik;525293992;danieldrozd973@nowowiejska.com
625;Tadeusz;Kazimierczak;przewodnik;310864196;tadeuszkazimierczak290@nowowiejska.com
626;Filip;Maroń;przewodnik;280801141;filipmaroń965@nowowiejska.com
627;Tymoteusz;Poznański;przewodnik;157485541;tymoteuszpoznański470@nowowiejska.com
628;Witold;Izdebski;przewodnik;463599464;witoldizdebski021@nowowiejska.com
629;Oskar;Warszawski;przewodnik;427741011;oskarwarszawski614@nowowiejska.com
630;Gabriel;Porada;przewodnik;207972667;gabrielporada386@nowowiejska.com
631;Piotr;Nowik;przewodnik;373943274;piotrnowik550@nowowiejska.com
632;Natan;Wojtyna;przewodnik;518080641;natanwojtyna111@nowowiejska.com
633;Bartłomiej;Bach;przewodnik;439619715;bartłomiejbach552@nowowiejska.com
634;Wiktor;Słomian;przewodnik;629276760;wiktorsłomian185@nowowiejska.com
635;Alan;Tomaszewicz;przewodnik;356252954;alantomaszewicz429@nowowiejska.com
636;Dominik;Zmysłowski;przewodnik;772832482;dominikzmysłowski457@nowowiejska.com
637;Milan;Fabisiak;przewodnik;330866717;milanfabisiak478@nowowiejska.com
638;Aleksander;Zarębski;przewodnik;286494094;aleksanderzarębski184@nowowiejska.com
639;Tadeusz;Rusiecki;przewodnik;637325613;tadeuszrusiecki737@nowowiejska.com
640;Karol;Pietraszewski;przewodnik;889248074;karolpietraszewski311@nowowiejska.com
641;Natan;Tran;przewodnik;314771278;natantran280@nowowiejska.com
642;Szymon;Plewka;przewodnik;328319656;szymonplewka368@nowowiejska.com
643;Fabian;Karkowski;przewodnik;306536699;fabiankarkowski939@nowowiejska.com
644;Leon;Michna;przewodnik;747742275;leonmichna431@nowowiejska.com
645;Marcel;Ruszkowski;przewodnik;256893666;marcelruszkowski305@nowowiejska.com
646;Maksymilian;Kowalik;przewodnik;949110402;maksymiliankowalik651@nowowiejska.com
647;Aleksander;Duś;przewodnik;686564991;aleksanderduś596@nowowiejska.com
648;Alan;Sobierajski;przewodnik;488092715;alansobierajski976@nowowiejska.com
649;Tymoteusz;Gleń;przewodnik;232028913;tymoteuszgleń353@nowowiejska.com
650;Franciszek;Szewczyk;przewodnik;396915730;franciszekszewczyk061@nowowiejska.com
651;Mark;Ciszek;przewodnik;905057655;markciszek740@nowowiejska.com
652;Wiktor;Kożuchowski;przewodnik;359229882;wiktorkożuchowski643@nowowiejska.com
653;Józef;Drapała;przewodnik;421083844;józefdrapała127@nowowiejska.com
654;Adam;Marchuk;przewodnik;970517994;adammarchuk247@nowowiejska.com
655;Franciszek;Matera;przewodnik;659884235;franciszekmatera679@nowowiejska.com
656;Dawid;Gromadzki;kierowca;997757231;dawidgromadzki427@nowowiejska.com
657;Kazimierz;Jura;kierowca;991380136;kazimierzjura216@nowowiejska.com
658;Witold;Bogdański;kierowca;299799405;witoldbogdański331@nowowiejska.com
659;Adam;Krawczuk;kierowca;959719624;adamkrawczuk266@nowowiejska.com
660;Bartłomiej;Jańczak;kierowca;490022750;bartłomiejjańczak333@nowowiejska.com
661;Wiktor;Stępień;kierowca;939763097;wiktorstępień076@nowowiejska.com
662;Piotr;Antos;kierowca;791340103;piotrantos659@nowowiejska.com
663;Tymoteusz;Iwaniuk;kierowca;446236946;tymoteusziwaniuk439@nowowiejska.com
664;Jan;Puchała;kierowca;410003198;janpuchała974@nowowiejska.com
665;Oskar;Kubik;kierowca;714647880;oskarkubik736@nowowiejska.com
666;Maciej;Szołtysek;kierowca;646943394;maciejszołtysek225@nowowiejska.com
667;Wiktor;Nikiel;kierowca;925054070;wiktornikiel777@nowowiejska.com
668;Józef;Bargieł;kierowca;928906508;józefbargieł106@nowowiejska.com
669;Bartłomiej;Kołodziej;kierowca;974799549;bartłomiejkołodziej754@nowowiejska.com
670;Dawid;Cieszkowski;kierowca;110755697;dawidcieszkowski959@nowowiejska.com
671;Józef;Sobiech;kierowca;616781592;józefsobiech779@nowowiejska.com
672;Hubert;Legierski;kierowca;571839245;hubertlegierski960@nowowiejska.com
673;Alan;Fijałkowski;kierowca;634728061;alanfijałkowski503@nowowiejska.com
674;Franciszek;Grzesiak;kierowca;941715029;franciszekgrzesiak091@nowowiejska.com
675;Ignacy;Machała;kierowca;862773595;ignacymachała836@nowowiejska.com
676;Ignacy;Janeczko;kierowca;373568461;ignacyjaneczko107@nowowiejska.com
677;Artur;Drożdżyński;kierowca;124500454;arturdrożdżyński114@nowowiejska.com
678;Artur;Jurek;kierowca;952708906;arturjurek570@nowowiejska.com
679;Franciszek;Widomski;kierowca;252188817;franciszekwidomski442@nowowiejska.com
680;Aleksander;Jesionek;kierowca;773937859;aleksanderjesionek450@nowowiejska.com
681;Jakub;Rosół;kierowca;715339009;jakubrosół040@nowowiejska.com
682;Kacper;Lee;kierowca;841787990;kacperlee003@nowowiejska.com
683;Kacper;Szczyrba;kierowca;259510601;kacperszczyrba443@nowowiejska.com
684;Franciszek;Tarnowski;kierowca;558801428;franciszektarnowski968@nowowiejska.com
685;Julian;Dwornik;kierowca;365654431;juliandwornik259@nowowiejska.com
686;Jan;Sułek;kierowca;725267048;jansułek622@nowowiejska.com
687;Szymon;Osmański;kierowca;348117777;szymonosmański803@nowowiejska.com
688;Jakub;Krzymiński;kierowca;244393907;jakubkrzymiński709@nowowiejska.com
689;Hubert;Bratek;kierowca;941780132;hubertbratek953@nowowiejska.com
690;Henryk;Piasta;kierowca;254928302;henrykpiasta264@nowowiejska.com
691;Gabriel;Olesiński;kierowca;842976949;gabrielolesiński335@nowowiejska.com
692;Cezary;Tyszka;kierowca;773580508;cezarytyszka324@nowowiejska.com
693;Julian;Kaczmarzyk;kierowca;811572671;juliankaczmarzyk655@nowowiejska.com
694;Maksymilian;Stanowski;kierowca;983306611;maksymilianstanowski050@nowowiejska.com
695;Szymon;Stasiowski;kierowca;237121821;szymonstasiowski449@nowowiejska.com
696;Ksawery;Majek;kierowca;938689440;ksawerymajek979@nowowiejska.com
697;Ignacy;Domagalski;kierowca;129793391;ignacydomagalski005@nowowiejska.com
698;Oskar;Fronczak;kierowca;412193747;oskarfronczak855@nowowiejska.com
699;Bartłomiej;Biel;kierowca;844852497;bartłomiejbiel810@nowowiejska.com
700;Igor;Olejarz;kierowca;174624919;igorolejarz222@nowowiejska.com
701;Krzysztof;Potoniec;kierowca;897880103;krzysztofpotoniec839@nowowiejska.com
702;Jan;Sienicki;kierowca;785188764;jansienicki417@nowowiejska.com
703;Aleksander;Jałocha;kierowca;821427472;aleksanderjałocha143@nowowiejska.com
704;Tadeusz;Głaz;kierowca;200322507;tadeuszgłaz886@nowowiejska.com
705;Stanisław;Kruk;kierowca;350909463;stanisławkruk384@nowowiejska.com
706;Jan;Korba;kierowca;122517188;jankorba441@nowowiejska.com
707;Szymon;Wojtal;kierowca;660961198;szymonwojtal682@nowowiejska.com
708;Franciszek;Makówka;kierowca;968536357;franciszekmakówka391@nowowiejska.com
709;Gabriel;Smolarczyk;kierowca;391123512;gabrielsmolarczyk965@nowowiejska.com
710;Krzysztof;Manikowski;kierowca;768236261;krzysztofmanikowski219@nowowiejska.com
711;Michał;Kuraś;kierowca;939168512;michałkuraś865@nowowiejska.com
712;Julian;Puchalski;kierowca;644385762;julianpuchalski796@nowowiejska.com
713;Bruno;Szul;kierowca;647668025;brunoszul732@nowowiejska.com
714;Miłosz;Ochał;kierowca;701195373;miłoszochał716@nowowiejska.com
715;Adam;Rudenko;kierowca;237216886;adamrudenko530@nowowiejska.com
716;Jakub;Chojecki;kierowca;335912691;jakubchojecki515@nowowiejska.com
717;Julian;Mirek;kierowca;936751373;julianmirek254@nowowiejska.com
718;Karol;Foltyn;kierowca;464258734;karolfoltyn134@nowowiejska.com
719;Szymon;Fiedor;kierowca;632001582;szymonfiedor978@nowowiejska.com
720;Hubert;Owczarski;kierowca;526802709;hubertowczarski299@nowowiejska.com
721;Stanisław;Nejman;kierowca;292881247;stanisławnejman311@nowowiejska.com
722;Alan;Kała;kierowca;775400517;alankała535@nowowiejska.com
723;Fabian;Filipczyk;kierowca;577999556;fabianfilipczyk923@nowowiejska.com
724;Kazimierz;Fudali;kierowca;471135769;kazimierzfudali911@nowowiejska.com
725;Milan;Ali;kierowca;579313187;milanali726@nowowiejska.com
726;Piotr;Karczewski;kierowca;893775453;piotrkarczewski503@nowowiejska.com
727;Mateusz;Słota;kierowca;432934567;mateuszsłota909@nowowiejska.com
728;Henryk;Niewczas;kierowca;705521407;henrykniewczas235@nowowiejska.com
729;Franciszek;Jodłowski;kierowca;302931303;franciszekjodłowski991@nowowiejska.com
730;Kuba;Podgórny;kierowca;839166817;kubapodgórny730@nowowiejska.com
731;Ignacy;Łuszczek;kierowca;447188559;ignacyłuszczek602@nowowiejska.com
732;Kajetan;Pędziwiatr;kierowca;777107331;kajetanpędziwiatr279@nowowiejska.com
733;Gabriel;Sobala;kierowca;771986984;gabrielsobala687@nowowiejska.com
734;Ksawery;Urban;kierowca;242430393;ksaweryurban290@nowowiejska.com
735;Igor;Hildebrandt;kierowca;806137418;igorhildebrandt298@nowowiejska.com
736;Milan;Marcinowski;kierowca;394762784;milanmarcinowski884@nowowiejska.com
737;Paweł;Adamczuk;kierowca;785163138;paweładamczuk463@nowowiejska.com
738;Marcel;Trybuła;kierowca;538592411;marceltrybuła872@nowowiejska.com
739;Wiktor;Wesoły;kierowca;896059795;wiktorwesoły478@nowowiejska.com
740;Mateusz;Pieniak;kierowca;913961432;mateuszpieniak157@nowowiejska.com
741;Nikodem;Łuka;kierowca;286649070;nikodemłuka454@nowowiejska.com
742;Ksawery;Kukulski;kierowca;327097932;ksawerykukulski024@nowowiejska.com
743;Kazimierz;Boczar;kierowca;807899888;kazimierzboczar766@nowowiejska.com
744;Nikodem;Majczak;kierowca;108784504;nikodemmajczak460@nowowiejska.com
745;Bruno;Markiewicz;kierowca;670832348;brunomarkiewicz121@nowowiejska.com
746;Krzysztof;Antkiewicz;kierowca;871474703;krzysztofantkiewicz471@nowowiejska.com
747;Igor;Krych;kierowca;479581784;igorkrych361@nowowiejska.com
748;Adam;Krężel;kierowca;670273353;adamkrężel836@nowowiejska.com
749;Józef;Kabziński;kierowca;511595603;józefkabziński808@nowowiejska.com
750;Kazimierz;Gut;kierowca;539950976;kazimierzgut524@nowowiejska.com
751;Adam;Radoń;kierowca;566487750;adamradoń560@nowowiejska.com
752;Natan;Błażejczyk;kierowca;372295125;natanbłażejczyk191@nowowiejska.com
753;Hubert;Śleziak;kierowca;475357263;hubertśleziak951@nowowiejska.com
754;Daniel;Gołębiowski;kierowca;139557064;danielgołębiowski025@nowowiejska.com
755;Szymon;Rudnik;kierowca;383635966;szymonrudnik530@nowowiejska.com
756;Kacper;Daniluk;kierowca;376203468;kacperdaniluk636@nowowiejska.com
757;Natan;Zajkowski;kierowca;881518388;natanzajkowski666@nowowiejska.com
758;Leon;Skrzypczak;kierowca;461943247;leonskrzypczak360@nowowiejska.com
759;Leon;Sitarski;kierowca;489416686;leonsitarski182@nowowiejska.com
760;Nikodem;Chmielecki;kierowca;907137745;nikodemchmielecki862@nowowiejska.com
761;Leon;Rydz;kierowca;580740757;leonrydz841@nowowiejska.com
762;Ksawery;Bujalski;kierowca;691022230;ksawerybujalski521@nowowiejska.com
763;Ksawery;Umiński;kierowca;720152392;ksaweryumiński936@nowowiejska.com
764;Tymoteusz;Czechowicz;kierowca;106370884;tymoteuszczechowicz771@nowowiejska.com
765;Ksawery;Stolarczyk;kierowca;829512658;ksawerystolarczyk743@nowowiejska.com
766;Artur;Rychel;kierowca;408215107;arturrychel126@nowowiejska.com
767;Franciszek;Parol;kierowca;501094374;franciszekparol459@nowowiejska.com
768;Oskar;Cupiał;kierowca;885051843;oskarcupiał693@nowowiejska.com
769;Tymon;Dymek;kierowca;702727684;tymondymek195@nowowiejska.com
770;Miłosz;Stawarz;kierowca;276235992;miłoszstawarz764@nowowiejska.com
771;Alan;Grządziel;kierowca;301767148;alangrządziel943@nowowiejska.com
772;Leo;Gańko;kierowca;266015693;leogańko069@nowowiejska.com
773;Bartłomiej;Sieńko;kierowca;265060848;bartłomiejsieńko324@nowowiejska.com
774;Piotr;Mańka;kierowca;953289892;piotrmańka139@nowowiejska.com
775;Mark;Popowicz;kierowca;116738736;markpopowicz384@nowowiejska.com
776;Mikołaj;Bagrowski;kierowca;357550027;mikołajbagrowski123@nowowiejska.com
777;Stanisław;Magdziarz;kierowca;648221392;stanisławmagdziarz885@nowowiejska.com
778;Fabian;Barański;kierowca;465517313;fabianbarański470@nowowiejska.com
779;Milan;Melnychuk;kierowca;656896638;milanmelnychuk878@nowowiejska.com
780;Ksawery;Gajda;kierowca;986021136;ksawerygajda659@nowowiejska.com
781;Teodor;Kaliszewski;kierowca;839907204;teodorkaliszewski280@nowowiejska.com
782;Borys;Bajorek;kierowca;325759408;borysbajorek423@nowowiejska.com
783;Kuba;Widera;kierowca;286279477;kubawidera848@nowowiejska.com
784;Henryk;Szmigielski;kierowca;214275413;henrykszmigielski726@nowowiejska.com
785;Tymon;Tyszka;kierowca;726514896;tymontyszka718@nowowiejska.com
786;Kajetan;Mikołajczak;kierowca;746644237;kajetanmikołajczak432@nowowiejska.com
787;Maksymilian;Kubowicz;kierowca;518087468;maksymiliankubowicz530@nowowiejska.com
788;Józef;Kostka;kierowca;850356039;józefkostka813@nowowiejska.com
789;Mark;Antkiewicz;kierowca;245218328;markantkiewicz269@nowowiejska.com
790;Aleksander;Jędrzejczyk;kierowca;652491429;aleksanderjędrzejczyk826@nowowiejska.com
791;Kajetan;Ignaciuk;kierowca;242621753;kajetanignaciuk112@nowowiejska.com
792;Bartosz;Olek;kierowca;484754427;bartoszolek672@nowowiejska.com
793;Kacper;Matera;kierowca;762445697;kacpermatera417@nowowiejska.com
794;Stanisław;Ważny;kierowca;516418229;stanisławważny194@nowowiejska.com
795;Stanisław;Pakulski;kierowca;300608439;stanisławpakulski723@nowowiejska.com
796;Kacper;Idzik;kierowca;779778387;kacperidzik146@nowowiejska.com
797;Karol;Owsianka;kierowca;853760058;karolowsianka899@nowowiejska.com
798;Cezary;Frąckiewicz;kierowca;967261126;cezaryfrąckiewicz096@nowowiejska.com
799;Bartosz;Karpiuk;kierowca;758043286;bartoszkarpiuk079@nowowiejska.com
800;Ignacy;Chyła;kierowca;106327800;ignacychyła082@nowowiejska.com
801;Bruno;Walczewski;kierowca;143296989;brunowalczewski993@nowowiejska.com
802;Miłosz;Reguła;kierowca;833020670;miłoszreguła030@nowowiejska.com
803;Jan;Wójcicki;kierowca;813632541;janwójcicki335@nowowiejska.com
804;Ksawery;Michalczuk;kierowca;368987456;ksawerymichalczuk003@nowowiejska.com
805;Kazimierz;Tuszyński;kierowca;829813111;kazimierztuszyński994@nowowiejska.com
806;Igor;Bugała;kierowca;509081837;igorbugała564@nowowiejska.com
807;Bartosz;Uszyński;kierowca;503645175;bartoszuszyński292@nowowiejska.com
808;Tomasz;Nikitin;kierowca;773791948;tomasznikitin968@nowowiejska.com
809;Wojciech;Pietkiewicz;kierowca;982277589;wojciechpietkiewicz165@nowowiejska.com
810;Julian;Marczewski;kierowca;119327523;julianmarczewski160@nowowiejska.com
811;Leo;Ciura;kierowca;370046851;leociura359@nowowiejska.com
812;Mateusz;Smoła;kierowca;717797042;mateuszsmoła475@nowowiejska.com
813;Adam;Barcik;kierowca;607762106;adambarcik256@nowowiejska.com
814;Maciej;Gałkowski;kierowca;889209067;maciejgałkowski704@nowowiejska.com
815;Artur;Wyka;kierowca;531655650;arturwyka392@nowowiejska.com
816;Tomasz;Betlej;kierowca;963826913;tomaszbetlej891@nowowiejska.com
817;Antoni;Rutkowski;kierowca;696815977;antonirutkowski785@nowowiejska.com
818;Ksawery;Bogdanowicz;kierowca;139639255;ksawerybogdanowicz292@nowowiejska.com
819;Tymoteusz;Kiszka;kierowca;383270492;tymoteuszkiszka046@nowowiejska.com
820;Oskar;Kapica;kierowca;405898126;oskarkapica704@nowowiejska.com
821;Bartłomiej;Tatar;kierowca;756830934;bartłomiejtatar474@nowowiejska.com
822;Oliwier;Majer;kierowca;228320566;oliwiermajer502@nowowiejska.com
823;Bartłomiej;Kuźmiński;kierowca;173537342;bartłomiejkuźmiński089@nowowiejska.com
824;Maksymilian;Gorgoń;kierowca;987001159;maksymiliangorgoń654@nowowiejska.com
825;Miłosz;Korcz;kierowca;933851348;miłoszkorcz588@nowowiejska.com
826;Kacper;Magda;kierowca;760381684;kacpermagda099@nowowiejska.com
827;Kajetan;Świerc;kierowca;683482695;kajetanświerc294@nowowiejska.com
828;Nikodem;Błaszkowski;kierowca;988569943;nikodembłaszkowski355@nowowiejska.com
829;Kazimierz;Stefańczyk;kierowca;610539567;kazimierzstefańczyk026@nowowiejska.com
830;Leo;Milewski;kierowca;334699944;leomilewski364@nowowiejska.com
831;Teodor;Miszewski;kierowca;727140762;teodormiszewski103@nowowiejska.com
832;Borys;Vlasiuk;kierowca;967148257;borysvlasiuk133@nowowiejska.com
833;Paweł;Kucherenko;kierowca;980414498;pawełkucherenko051@nowowiejska.com
834;Tymon;Iwaniec;kierowca;286054704;tymoniwaniec638@nowowiejska.com
835;Bartosz;Boczar;kierowca;792547881;bartoszboczar637@nowowiejska.com
836;Hubert;Pajor;kierowca;673527479;hubertpajor240@nowowiejska.com
837;Teodor;Danielewicz;kierowca;453391321;teodordanielewicz272@nowowiejska.com
838;Kuba;Fijołek;kierowca;267242298;kubafijołek355@nowowiejska.com
839;Miłosz;Kociński;kierowca;426270076;miłoszkociński313@nowowiejska.com
840;Fabian;Sobieski;kierowca;101460775;fabiansobieski362@nowowiejska.com
841;Maksymilian;Szczecina;kierowca;973940886;maksymilianszczecina309@nowowiejska.com
842;Tomasz;Karkowski;kierowca;161519183;tomaszkarkowski291@nowowiejska.com
843;Józef;Stawiński;kierowca;316788491;józefstawiński371@nowowiejska.com
844;Tymoteusz;Kupisz;kierowca;629670247;tymoteuszkupisz923@nowowiejska.com
845;Borys;Krześniak;kierowca;301086631;boryskrześniak714@nowowiejska.com
846;Artur;Polański;kierowca;772548276;arturpolański651@nowowiejska.com
847;Maciej;Łazarski;kierowca;637051613;maciejłazarski341@nowowiejska.com
848;Fabian;Młynarski;kierowca;316390976;fabianmłynarski982@nowowiejska.com
849;Franciszek;Radzik;kierowca;629691415;franciszekradzik119@nowowiejska.com
850;Maksymilian;Stępkowski;kierowca;120215063;maksymilianstępkowski405@nowowiejska.com
851;Bruno;Nizioł;kierowca;134405760;brunonizioł606@nowowiejska.com
852;Antoni;Olszówka;kierowca;954720204;antoniolszówka506@nowowiejska.com
853;Nikodem;Sypniewski;kierowca;967115512;nikodemsypniewski181@nowowiejska.com
854;Artur;Smok;kierowca;535032802;artursmok358@nowowiejska.com
855;Szymon;Iwański;kierowca;303564948;szymoniwański929@nowowiejska.com
856;Ignacy;Pałczyński;kierowca;803355283;ignacypałczyński496@nowowiejska.com
857;Kuba;Myszk;kierowca;457143339;kubamyszk993@nowowiejska.com
858;Józef;Polus;kierowca;663576772;józefpolus883@nowowiejska.com
859;Tadeusz;Sowiński;kierowca;840373581;tadeuszsowiński707@nowowiejska.com
860;Ignacy;Domagalski;kierowca;731432749;ignacydomagalski234@nowowiejska.com
861;Antoni;Bieńkowski;kierowca;304549646;antonibieńkowski968@nowowiejska.com
862;Borys;Śleziak;kierowca;724079080;borysśleziak774@nowowiejska.com
863;Witold;Matuszek;kierowca;550312556;witoldmatuszek005@nowowiejska.com
864;Fabian;Kopyciński;kierowca;546374088;fabiankopyciński168@nowowiejska.com
865;Natan;Moczydłowski;kierowca;851615367;natanmoczydłowski787@nowowiejska.com
866;Milan;Koszyk;kierowca;667070554;milankoszyk508@nowowiejska.com
867;Krzysztof;Szymkowiak;kierowca;570184141;krzysztofszymkowiak888@nowowiejska.com
868;Stanisław;Jastrząb;kierowca;267524521;stanisławjastrząb796@nowowiejska.com
869;Wojciech;Sobiecki;kierowca;379614926;wojciechsobiecki030@nowowiejska.com
870;Mateusz;Bogus;kierowca;549668057;mateuszbogus863@nowowiejska.com
871;Oliwier;Wasiak;kierowca;860975536;oliwierwasiak838@nowowiejska.com
872;Jan;Kierzek;kierowca;691603407;jankierzek871@nowowiejska.com
873;Mateusz;Borysenko;kierowca;752752332;mateuszborysenko718@nowowiejska.com
874;Igor;Woźnicki;kierowca;822908175;igorwoźnicki846@nowowiejska.com
875;Józef;Stypułkowski;kierowca;632663149;józefstypułkowski420@nowowiejska.com
876;Franciszek;Jonczyk;kierowca;112914182;franciszekjonczyk992@nowowiejska.com
877;Filip;Malanowski;kierowca;233281356;filipmalanowski610@nowowiejska.com
878;Leo;Słaboń;kierowca;727320493;leosłaboń267@nowowiejska.com
879;Borys;Hyży;kierowca;962973930;boryshyży359@nowowiejska.com
880;Antoni;Hołda;kierowca;185293778;antonihołda005@nowowiejska.com
881;Leon;Niewiadomski;kierowca;972701835;leonniewiadomski244@nowowiejska.com
882;Artur;Romanenko;kierowca;122282176;arturromanenko469@nowowiejska.com
883;Jan;Dróżdż;kierowca;391097157;jandróżdż901@nowowiejska.com
884;Marcel;Partyka;kierowca;277755246;marcelpartyka077@nowowiejska.com
885;Miłosz;Łoboda;kierowca;367644876;miłoszłoboda503@nowowiejska.com
886;Borys;Szczygielski;kierowca;855153842;borysszczygielski240@nowowiejska.com
887;Kacper;Szubert;kierowca;682043273;kacperszubert590@nowowiejska.com
888;Paweł;Piasek;kierowca;532444088;pawełpiasek493@nowowiejska.com
889;Kuba;Partyka;kierowca;930764535;kubapartyka761@nowowiejska.com
890;Krzysztof;Lebioda;kierowca;828557925;krzysztoflebioda030@nowowiejska.com
891;Kamil;Witkowski;kierowca;166236605;kamilwitkowski094@nowowiejska.com
892;Oskar;Piechocki;kierowca;866198704;oskarpiechocki663@nowowiejska.com
893;Bartłomiej;Pakuła;kierowca;125210322;bartłomiejpakuła062@nowowiejska.com
894;Tadeusz;Pyzik;kierowca;356323428;tadeuszpyzik931@nowowiejska.com
895;Tymon;Kuśmierski;kierowca;651320089;tymonkuśmierski271@nowowiejska.com
896;Tadeusz;Szuba;kierowca;245539853;tadeuszszuba823@nowowiejska.com
897;Leon;Marek;kierowca;639473361;leonmarek011@nowowiejska.com
898;Henryk;Suchy;kierowca;816004124;henryksuchy276@nowowiejska.com
899;Witold;Kwiatkowski;kierowca;293985717;witoldkwiatkowski431@nowowiejska.com
900;Jan;Mrózek;kierowca;344026369;janmrózek911@nowowiejska.com
901;Mikołaj;Waszkiewicz;kierowca;504855223;mikołajwaszkiewicz077@nowowiejska.com
902;Witold;Łabęcki;kierowca;256335459;witoldłabęcki290@nowowiejska.com
903;Jan;Struk;kierowca;698488848;janstruk772@nowowiejska.com
904;Julian;Pluskota;kierowca;244832328;julianpluskota740@nowowiejska.com
905;Kuba;Owsianka;kierowca;575129603;kubaowsianka854@nowowiejska.com
906;Milan;Lemańczyk;kierowca;279522541;milanlemańczyk205@nowowiejska.com
907;Henryk;Borkowski;kierowca;646414088;henrykborkowski096@nowowiejska.com
908;Krzysztof;Filipowski;kierowca;408388632;krzysztoffilipowski971@nowowiejska.com
909;Dominik;Denysenko;kierowca;959315600;dominikdenysenko276@nowowiejska.com
910;Milan;Jagiełło;kierowca;694960969;milanjagiełło886@nowowiejska.com
911;Karol;Szuster;kierowca;585230233;karolszuster996@nowowiejska.com
912;Mikołaj;Dyduch;kierowca;488060709;mikołajdyduch375@nowowiejska.com
913;Aleksander;Matusiak;kierowca;599855438;aleksandermatusiak544@nowowiejska.com
914;Kajetan;Frączek;kierowca;790250966;kajetanfrączek944@nowowiejska.com
915;Fabian;Królikowski;kierowca;577699772;fabiankrólikowski647@nowowiejska.com
916;Ignacy;Gawęda;kierowca;288740987;ignacygawęda269@nowowiejska.com
917;Michał;Paruzel;kierowca;673165875;michałparuzel094@nowowiejska.com
